tcm,tcm_index,target_gene_id
金花清感颗粒,tcm-0001,2056
金花清感颗粒,tcm-0001,2064
金花清感颗粒,tcm-0001,16
金花清感颗粒,tcm-0001,18
金花清感颗粒,tcm-0001,19
金花清感颗粒,tcm-0001,31
金花清感颗粒,tcm-0001,4128
金花清感颗粒,tcm-0001,4129
金花清感颗粒,tcm-0001,161823
金花清感颗粒,tcm-0001,4133
金花清感颗粒,tcm-0001,40
金花清感颗粒,tcm-0001,41
金花清感颗粒,tcm-0001,43
金花清感颗粒,tcm-0001,653361
金花清感颗粒,tcm-0001,2099
金花清感颗粒,tcm-0001,2100
金花清感颗粒,tcm-0001,55349
金花清感颗粒,tcm-0001,58
金花清感颗粒,tcm-0001,59
金花清感颗粒,tcm-0001,60
金花清感颗粒,tcm-0001,70
金花清感颗粒,tcm-0001,8263
金花清感颗粒,tcm-0001,71
金花清感颗粒,tcm-0001,72
金花清感颗粒,tcm-0001,4170
金花清感颗粒,tcm-0001,86
金花清感颗粒,tcm-0001,10327
金花清感颗粒,tcm-0001,4193
金花清感颗粒,tcm-0001,100
金花清感颗粒,tcm-0001,4199
金花清感颗粒,tcm-0001,103
金花清感颗粒,tcm-0001,104
金花清感颗粒,tcm-0001,105
金花清感颗粒,tcm-0001,2152
金花清感颗粒,tcm-0001,6256
金花清感颗粒,tcm-0001,6257
金花清感颗粒,tcm-0001,135293
金花清感颗粒,tcm-0001,125
金花清感颗粒,tcm-0001,130
金花清感颗粒,tcm-0001,8324
金花清感颗粒,tcm-0001,8325
金花清感颗粒,tcm-0001,132
金花清感颗粒,tcm-0001,136
金花清感颗粒,tcm-0001,4233
金花清感颗粒,tcm-0001,2194
金花清感颗粒,tcm-0001,148
金花清感颗粒,tcm-0001,150
金花清感颗粒,tcm-0001,153
金花清感颗粒,tcm-0001,154
金花清感颗粒,tcm-0001,155
金花清感颗粒,tcm-0001,10396
金花清感颗粒,tcm-0001,2206
金花清感颗粒,tcm-0001,2208
金花清感颗粒,tcm-0001,4257
金花清感颗粒,tcm-0001,80036
金花清感颗粒,tcm-0001,110773
金花清感颗粒,tcm-0001,6331
金花清感颗粒,tcm-0001,191
金花清感颗粒,tcm-0001,6337
金花清感颗粒,tcm-0001,6338
金花清感颗粒,tcm-0001,6339
金花清感颗粒,tcm-0001,196
金花清感颗粒,tcm-0001,6340
金花清感颗粒,tcm-0001,6347
金花清感颗粒,tcm-0001,2252
金花清感颗粒,tcm-0001,207
金花清感颗粒,tcm-0001,10449
金花清感颗粒,tcm-0001,110804
金花清感颗粒,tcm-0001,4308
金花清感颗粒,tcm-0001,212
金花清感颗粒,tcm-0001,51412
金花清感颗粒,tcm-0001,4312
金花清感颗粒,tcm-0001,102641880
金花清感颗粒,tcm-0001,4313
金花清感颗粒,tcm-0001,55515
金花清感颗粒,tcm-0001,159963
金花清感颗粒,tcm-0001,4317
金花清感颗粒,tcm-0001,4318
金花清感颗粒,tcm-0001,4319
金花清感颗粒,tcm-0001,110819
金花清感颗粒,tcm-0001,55526
金花清感颗粒,tcm-0001,231
金花清感颗粒,tcm-0001,6376
金花清感颗粒,tcm-0001,240
金花清感颗粒,tcm-0001,248
金花清感颗粒,tcm-0001,6401
金花清感颗粒,tcm-0001,6403
金花清感颗粒,tcm-0001,259
金花清感颗粒,tcm-0001,262
金花清感颗粒,tcm-0001,2335
金花清感颗粒,tcm-0001,6439
金花清感颗粒,tcm-0001,100133168
金花清感颗粒,tcm-0001,2353
金花清感颗粒,tcm-0001,2355
金花清感颗粒,tcm-0001,102238523
金花清感颗粒,tcm-0001,108167498
金花清感颗粒,tcm-0001,331
金花清感颗粒,tcm-0001,6476
金花清感颗粒,tcm-0001,332
金花清感颗粒,tcm-0001,10598
金花清感颗粒,tcm-0001,10606
金花清感颗粒,tcm-0001,367
金花清感颗粒,tcm-0001,6513
金花清感颗粒,tcm-0001,6514
金花清感颗粒,tcm-0001,6515
金花清感颗粒,tcm-0001,6517
金花清感颗粒,tcm-0001,6528
金花清感颗粒,tcm-0001,6530
金花清感颗粒,tcm-0001,6531
金花清感颗粒,tcm-0001,6532
金花清感颗粒,tcm-0001,414089
金花清感颗粒,tcm-0001,4504
金花清感颗粒,tcm-0001,27032
金花清感颗粒,tcm-0001,6566
金花清感颗粒,tcm-0001,8626
金花清感颗粒,tcm-0001,6580
金花清感颗粒,tcm-0001,6584
金花清感颗粒,tcm-0001,8644
金花清感颗粒,tcm-0001,8648
金花清感颗粒,tcm-0001,8654
金花清感颗粒,tcm-0001,319954
金花清感颗粒,tcm-0001,653781
金花清感颗粒,tcm-0001,139741
金花清感颗粒,tcm-0001,4582
金花清感颗粒,tcm-0001,2534
金花清感颗粒,tcm-0001,2538
金花清感颗粒,tcm-0001,8685
金花清感颗粒,tcm-0001,2550
金花清感颗粒,tcm-0001,6647
金花清感颗粒,tcm-0001,170487
金花清感颗粒,tcm-0001,6649
金花清感颗粒,tcm-0001,4602
金花清感颗粒,tcm-0001,23038
金花清感颗粒,tcm-0001,117247
金花清感颗粒,tcm-0001,4609
金花清感颗粒,tcm-0001,51738
金花清感颗粒,tcm-0001,653857
金花清感颗粒,tcm-0001,2596
金花清感颗粒,tcm-0001,84517
金花清感颗粒,tcm-0001,55848
金花清感颗粒,tcm-0001,55860
金花清感颗粒,tcm-0001,572
金花清感颗粒,tcm-0001,6718
金花清感颗粒,tcm-0001,115489344
金花清感颗粒,tcm-0001,2628
金花清感颗粒,tcm-0001,581
金花清感颗粒,tcm-0001,590
金花清感颗粒,tcm-0001,593
金花清感颗粒,tcm-0001,595
金花清感颗粒,tcm-0001,596
金花清感颗粒,tcm-0001,598
金花清感颗粒,tcm-0001,51802
金花清感颗粒,tcm-0001,51805
金花清感颗粒,tcm-0001,27232
金花清感颗粒,tcm-0001,8804
金花清感颗粒,tcm-0001,51816
金花清感颗粒,tcm-0001,10864
金花清感颗粒,tcm-0001,6772
金花清感颗粒,tcm-0001,6774
金花清感颗粒,tcm-0001,10880
金花清感颗粒,tcm-0001,10881
金花清感颗粒,tcm-0001,2697
金花清感颗粒,tcm-0001,654
金花清感颗粒,tcm-0001,100049555
金花清感颗粒,tcm-0001,2720
金花清感颗粒,tcm-0001,4772
金花清感颗粒,tcm-0001,4773
金花清感颗粒,tcm-0001,8876
金花清感颗粒,tcm-0001,8877
金花清感颗粒,tcm-0001,8884
金花清感颗粒,tcm-0001,4792
金花清感颗粒,tcm-0001,699
金花清感颗粒,tcm-0001,162514
金花清感颗粒,tcm-0001,84706
金花清感颗粒,tcm-0001,4842
金花清感颗粒,tcm-0001,4843
金花清感颗粒,tcm-0001,4846
金花清感颗粒,tcm-0001,64240
金花清感颗粒,tcm-0001,64241
金花清感颗粒,tcm-0001,100043508
金花清感颗粒,tcm-0001,2805
金花清感颗粒,tcm-0001,760
金花清感颗粒,tcm-0001,774
金花清感颗粒,tcm-0001,776
金花清感颗粒,tcm-0001,8972
金花清感颗粒,tcm-0001,102636309
金花清感颗粒,tcm-0001,8989
金花清感颗粒,tcm-0001,808
金花清感颗粒,tcm-0001,4915
金花清感颗粒,tcm-0001,2875
金花清感颗粒,tcm-0001,283455
金花清感颗粒,tcm-0001,834
金花清感颗粒,tcm-0001,836
金花清感颗粒,tcm-0001,840
金花清感颗粒,tcm-0001,841
金花清感颗粒,tcm-0001,842
金花清感颗粒,tcm-0001,100416331
金花清感颗粒,tcm-0001,11082
金花清感颗粒,tcm-0001,2891
金花清感颗粒,tcm-0001,847
金花清感颗粒,tcm-0001,54101
金花清感颗粒,tcm-0001,2902
金花清感颗粒,tcm-0001,4953
金花清感颗粒,tcm-0001,100504412
金花清感颗粒,tcm-0001,2908
金花清感颗粒,tcm-0001,862
金花清感颗粒,tcm-0001,84830
金花清感颗粒,tcm-0001,93034
金花清感颗粒,tcm-0001,2931
金花清感颗粒,tcm-0001,2932
金花清感颗粒,tcm-0001,890
金花清感颗粒,tcm-0001,891
金花清感颗粒,tcm-0001,894
金花清感颗粒,tcm-0001,2946
金花清感颗粒,tcm-0001,2950
金花清感颗粒,tcm-0001,5018
金花清感颗粒,tcm-0001,5020
金花清感颗粒,tcm-0001,9120
金花清感颗粒,tcm-0001,5028
金花清感颗粒,tcm-0001,102638504
金花清感颗粒,tcm-0001,5032
金花清感颗粒,tcm-0001,942
金花清感颗粒,tcm-0001,108168111
金花清感颗粒,tcm-0001,948
金花清感颗粒,tcm-0001,102800311
金花清感颗粒,tcm-0001,958
金花清感颗粒,tcm-0001,959
金花清感颗粒,tcm-0001,441282
金花清感颗粒,tcm-0001,5066
金花清感颗粒,tcm-0001,973
金花清感颗粒,tcm-0001,9166
金花清感颗粒,tcm-0001,7124
金花清感颗粒,tcm-0001,160728
金花清感颗粒,tcm-0001,100113371
金花清感颗粒,tcm-0001,115677
金花清感颗粒,tcm-0001,3037
金花清感颗粒,tcm-0001,130013
金花清感颗粒,tcm-0001,993
金花清感颗粒,tcm-0001,994
金花清感颗粒,tcm-0001,3060
金花清感颗粒,tcm-0001,7157
金花清感颗粒,tcm-0001,23542
金花清感颗粒,tcm-0001,5111
金花清感颗粒,tcm-0001,1017
金花清感颗粒,tcm-0001,1019
金花清感颗粒,tcm-0001,1021
金花清感颗粒,tcm-0001,1026
金花清感颗粒,tcm-0001,1029
金花清感颗粒,tcm-0001,5130
金花清感颗粒,tcm-0001,132112
金花清感颗粒,tcm-0001,3091
金花清感颗粒,tcm-0001,3105
金花清感颗粒,tcm-0001,3106
金花清感颗粒,tcm-0001,3107
金花清感颗粒,tcm-0001,5175
金花清感颗粒,tcm-0001,7226
金花清感颗粒,tcm-0001,3134
金花清感颗粒,tcm-0001,3135
金花清感颗粒,tcm-0001,60482
金花清感颗粒,tcm-0001,3140
金花清感颗粒,tcm-0001,3156
金花清感颗粒,tcm-0001,1109
金花清感颗粒,tcm-0001,3162
金花清感颗粒,tcm-0001,1116
金花清感颗粒,tcm-0001,9311
金花清感颗粒,tcm-0001,3172
金花清感颗粒,tcm-0001,1128
金花清感颗粒,tcm-0001,3184
金花清感颗粒,tcm-0001,1139
金花清感颗粒,tcm-0001,5241
金花清感颗粒,tcm-0001,7299
金花清感颗粒,tcm-0001,445582
金花清感颗粒,tcm-0001,29850
金花清感颗粒,tcm-0001,54454
金花清感颗粒,tcm-0001,7358
金花清感颗粒,tcm-0001,5313
金花清感颗粒,tcm-0001,79054
金花清感颗粒,tcm-0001,5328
金花清感颗粒,tcm-0001,167127
金花清感颗粒,tcm-0001,54490
金花清感颗粒,tcm-0001,3291
金花清感颗粒,tcm-0001,7412
金花清感颗粒,tcm-0001,7422
金花清感颗粒,tcm-0001,7442
金花清感颗粒,tcm-0001,339221
金花清感颗粒,tcm-0001,9493
金花清感颗粒,tcm-0001,9516
金花清感颗粒,tcm-0001,5424
金花清感颗粒,tcm-0001,3381
金花清感颗粒,tcm-0001,3383
金花清感颗粒,tcm-0001,5444
金花清感颗粒,tcm-0001,5447
金花清感颗粒,tcm-0001,1352
金花清感颗粒,tcm-0001,50506
金花清感颗粒,tcm-0001,7498
金花清感颗粒,tcm-0001,140625
金花清感颗粒,tcm-0001,5465
金花清感颗粒,tcm-0001,5468
金花清感颗粒,tcm-0001,546143
金花清感颗粒,tcm-0001,1385
金花清感颗粒,tcm-0001,1386
金花清感颗粒,tcm-0001,1390
金花清感颗粒,tcm-0001,3458
金花清感颗粒,tcm-0001,3481
金花清感颗粒,tcm-0001,5530
金花清感颗粒,tcm-0001,3500
金花清感颗粒,tcm-0001,3512
金花清感颗粒,tcm-0001,5578
金花清感颗粒,tcm-0001,5579
金花清感颗粒,tcm-0001,93650
金花清感颗粒,tcm-0001,1491
金花清感颗粒,tcm-0001,1499
金花清感颗粒,tcm-0001,3553
金花清感颗粒,tcm-0001,493027
金花清感颗粒,tcm-0001,1509
金花清感颗粒,tcm-0001,3558
金花清感颗粒,tcm-0001,1514
金花清感颗粒,tcm-0001,3565
金花清感颗粒,tcm-0001,3569
金花清感颗粒,tcm-0001,3575
金花清感颗粒,tcm-0001,3576
金花清感颗粒,tcm-0001,3586
金花清感颗粒,tcm-0001,1543
金花清感颗粒,tcm-0001,1544
金花清感颗粒,tcm-0001,1545
金花清感颗粒,tcm-0001,3592
金花清感颗粒,tcm-0001,54795
金花清感颗粒,tcm-0001,5644
金花清感颗粒,tcm-0001,3593
金花清感颗粒,tcm-0001,3596
金花清感颗粒,tcm-0001,151056
金花清感颗粒,tcm-0001,56849
金花清感颗粒,tcm-0001,1555
金花清感颗粒,tcm-0001,1571
金花清感颗粒,tcm-0001,7716
金花清感颗粒,tcm-0001,1576
金花清感颗粒,tcm-0001,100036147
金花清感颗粒,tcm-0001,1588
金花清感颗粒,tcm-0001,345651
金花清感颗粒,tcm-0001,3643
金花清感颗粒,tcm-0001,9787
金花清感颗粒,tcm-0001,3655
金花清感颗粒,tcm-0001,3659
金花清感颗粒,tcm-0001,5709
金花清感颗粒,tcm-0001,83540
金花清感颗粒,tcm-0001,5733
金花清感颗粒,tcm-0001,56938
金花清感颗粒,tcm-0001,3692
金花清感颗粒,tcm-0001,1645
金花清感颗粒,tcm-0001,5742
金花清感颗粒,tcm-0001,5743
金花清感颗粒,tcm-0001,1644
金花清感颗粒,tcm-0001,3717
金花清感颗粒,tcm-0001,83592
金花清感颗粒,tcm-0001,3725
金花清感颗粒,tcm-0001,81569
金花清感颗粒,tcm-0001,7850
金花清感颗粒,tcm-0001,3757
金花清感颗粒,tcm-0001,7855
金花清感颗粒,tcm-0001,57016
金花清感颗粒,tcm-0001,1733
金花清感颗粒,tcm-0001,3783
金花清感颗粒,tcm-0001,1736
金花清感颗粒,tcm-0001,3791
金花清感颗粒,tcm-0001,55000
金花清感颗粒,tcm-0001,116443
金花清感颗粒,tcm-0001,100036315
金花清感颗粒,tcm-0001,1757
金花清感颗粒,tcm-0001,284382
金花清感颗粒,tcm-0001,5879
金花清感颗粒,tcm-0001,5881
金花清感颗粒,tcm-0001,102633210
金花清感颗粒,tcm-0001,115486470
金花清感颗粒,tcm-0001,1803
金花清感颗粒,tcm-0001,1806
金花清感颗粒,tcm-0001,110357
金花清感颗粒,tcm-0001,93973
金花清感颗粒,tcm-0001,5925
金花清感颗粒,tcm-0001,7980
金花清感颗粒,tcm-0001,100503359
金花清感颗粒,tcm-0001,622402
金花清感颗粒,tcm-0001,1870
金花清感颗粒,tcm-0001,1871
金花清感颗粒,tcm-0001,5970
金花清感颗粒,tcm-0001,5972
金花清感颗粒,tcm-0001,57180
金花清感颗粒,tcm-0001,3938
金花清感颗粒,tcm-0001,10096
金花清感颗粒,tcm-0001,10097
金花清感颗粒,tcm-0001,10120
金花清感颗粒,tcm-0001,10121
金花清感颗粒,tcm-0001,1950
金花清感颗粒,tcm-0001,102639543
金花清感颗粒,tcm-0001,4023
金花清感颗粒,tcm-0001,51135
金花清感颗粒,tcm-0001,59344
金花清感颗粒,tcm-0001,653269
金花清感颗粒,tcm-0001,51191
连花清瘟颗粒/胶囊,tcm-0007,2056
连花清瘟颗粒/胶囊,tcm-0007,15
连花清瘟颗粒/胶囊,tcm-0007,2064
连花清瘟颗粒/胶囊,tcm-0007,18
连花清瘟颗粒/胶囊,tcm-0007,19
连花清瘟颗粒/胶囊,tcm-0007,161823
连花清瘟颗粒/胶囊,tcm-0007,31
连花清瘟颗粒/胶囊,tcm-0007,4129
连花清瘟颗粒/胶囊,tcm-0007,4128
连花清瘟颗粒/胶囊,tcm-0007,4133
连花清瘟颗粒/胶囊,tcm-0007,40
连花清瘟颗粒/胶囊,tcm-0007,41
连花清瘟颗粒/胶囊,tcm-0007,43
连花清瘟颗粒/胶囊,tcm-0007,2099
连花清瘟颗粒/胶囊,tcm-0007,79924
连花清瘟颗粒/胶囊,tcm-0007,2100
连花清瘟颗粒/胶囊,tcm-0007,59
连花清瘟颗粒/胶囊,tcm-0007,60
连花清瘟颗粒/胶囊,tcm-0007,8263
连花清瘟颗粒/胶囊,tcm-0007,4170
连花清瘟颗粒/胶囊,tcm-0007,94
连花清瘟颗粒/胶囊,tcm-0007,4193
连花清瘟颗粒/胶囊,tcm-0007,103
连花清瘟颗粒/胶囊,tcm-0007,104
连花清瘟颗粒/胶囊,tcm-0007,105
连花清瘟颗粒/胶囊,tcm-0007,6256
连花清瘟颗粒/胶囊,tcm-0007,6257
连花清瘟颗粒/胶囊,tcm-0007,116
连花清瘟颗粒/胶囊,tcm-0007,135293
连花清瘟颗粒/胶囊,tcm-0007,57469
连花清瘟颗粒/胶囊,tcm-0007,125
连花清瘟颗粒/胶囊,tcm-0007,130
连花清瘟颗粒/胶囊,tcm-0007,8324
连花清瘟颗粒/胶囊,tcm-0007,8325
连花清瘟颗粒/胶囊,tcm-0007,4233
连花清瘟颗粒/胶囊,tcm-0007,2194
连花清瘟颗粒/胶囊,tcm-0007,148
连花清瘟颗粒/胶囊,tcm-0007,150
连花清瘟颗粒/胶囊,tcm-0007,153
连花清瘟颗粒/胶囊,tcm-0007,154
连花清瘟颗粒/胶囊,tcm-0007,155
连花清瘟颗粒/胶囊,tcm-0007,10396
连花清瘟颗粒/胶囊,tcm-0007,2208
连花清瘟颗粒/胶囊,tcm-0007,4257
连花清瘟颗粒/胶囊,tcm-0007,4258
连花清瘟颗粒/胶囊,tcm-0007,80036
连花清瘟颗粒/胶囊,tcm-0007,2213
连花清瘟颗粒/胶囊,tcm-0007,110773
连花清瘟颗粒/胶囊,tcm-0007,10424
连花清瘟颗粒/胶囊,tcm-0007,6331
连花清瘟颗粒/胶囊,tcm-0007,191
连花清瘟颗粒/胶囊,tcm-0007,6338
连花清瘟颗粒/胶囊,tcm-0007,6339
连花清瘟颗粒/胶囊,tcm-0007,6340
连花清瘟颗粒/胶囊,tcm-0007,196
连花清瘟颗粒/胶囊,tcm-0007,6347
连花清瘟颗粒/胶囊,tcm-0007,207
连花清瘟颗粒/胶囊,tcm-0007,10449
连花清瘟颗粒/胶囊,tcm-0007,4308
连花清瘟颗粒/胶囊,tcm-0007,110804
连花清瘟颗粒/胶囊,tcm-0007,4311
连花清瘟颗粒/胶囊,tcm-0007,4312
连花清瘟颗粒/胶囊,tcm-0007,4313
连花清瘟颗粒/胶囊,tcm-0007,102641880
连花清瘟颗粒/胶囊,tcm-0007,55515
连花清瘟颗粒/胶囊,tcm-0007,159963
连花清瘟颗粒/胶囊,tcm-0007,6363
连花清瘟颗粒/胶囊,tcm-0007,4318
连花清瘟颗粒/胶囊,tcm-0007,4319
连花清瘟颗粒/胶囊,tcm-0007,110819
连花清瘟颗粒/胶囊,tcm-0007,6373
连花清瘟颗粒/胶囊,tcm-0007,55526
连花清瘟颗粒/胶囊,tcm-0007,6376
连花清瘟颗粒/胶囊,tcm-0007,240
连花清瘟颗粒/胶囊,tcm-0007,6387
连花清瘟颗粒/胶囊,tcm-0007,6390
连花清瘟颗粒/胶囊,tcm-0007,248
连花清瘟颗粒/胶囊,tcm-0007,51449
连花清瘟颗粒/胶囊,tcm-0007,6401
连花清瘟颗粒/胶囊,tcm-0007,259
连花清瘟颗粒/胶囊,tcm-0007,6439
连花清瘟颗粒/胶囊,tcm-0007,100133168
连花清瘟颗粒/胶囊,tcm-0007,2353
连花清瘟颗粒/胶囊,tcm-0007,102238523
连花清瘟颗粒/胶囊,tcm-0007,108167498
连花清瘟颗粒/胶囊,tcm-0007,331
连花清瘟颗粒/胶囊,tcm-0007,332
连花清瘟颗粒/胶囊,tcm-0007,6476
连花清瘟颗粒/胶囊,tcm-0007,643414
连花清瘟颗粒/胶囊,tcm-0007,10598
连花清瘟颗粒/胶囊,tcm-0007,6502
连花清瘟颗粒/胶囊,tcm-0007,10606
连花清瘟颗粒/胶囊,tcm-0007,367
连花清瘟颗粒/胶囊,tcm-0007,6513
连花清瘟颗粒/胶囊,tcm-0007,6514
连花清瘟颗粒/胶囊,tcm-0007,6515
连花清瘟颗粒/胶囊,tcm-0007,6517
连花清瘟颗粒/胶囊,tcm-0007,6528
连花清瘟颗粒/胶囊,tcm-0007,6530
连花清瘟颗粒/胶囊,tcm-0007,6531
连花清瘟颗粒/胶囊,tcm-0007,6532
连花清瘟颗粒/胶囊,tcm-0007,414089
连花清瘟颗粒/胶囊,tcm-0007,100034956
连花清瘟颗粒/胶囊,tcm-0007,4504
连花清瘟颗粒/胶囊,tcm-0007,6566
连花清瘟颗粒/胶囊,tcm-0007,4524
连花清瘟颗粒/胶囊,tcm-0007,8626
连花清瘟颗粒/胶囊,tcm-0007,6580
连花清瘟颗粒/胶囊,tcm-0007,6584
连花清瘟颗粒/胶囊,tcm-0007,29123
连花清瘟颗粒/胶囊,tcm-0007,8644
连花清瘟颗粒/胶囊,tcm-0007,29126
连花清瘟颗粒/胶囊,tcm-0007,8648
连花清瘟颗粒/胶囊,tcm-0007,319954
连花清瘟颗粒/胶囊,tcm-0007,4582
连花清瘟颗粒/胶囊,tcm-0007,2538
连花清瘟颗粒/胶囊,tcm-0007,2550
连花清瘟颗粒/胶囊,tcm-0007,6647
连花清瘟颗粒/胶囊,tcm-0007,6649
连花清瘟颗粒/胶囊,tcm-0007,4602
连花清瘟颗粒/胶囊,tcm-0007,23038
连花清瘟颗粒/胶囊,tcm-0007,117247
连花清瘟颗粒/胶囊,tcm-0007,4609
连花清瘟颗粒/胶囊,tcm-0007,4613
连花清瘟颗粒/胶囊,tcm-0007,90637
连花清瘟颗粒/胶囊,tcm-0007,10768
连花清瘟颗粒/胶囊,tcm-0007,51738
连花清瘟颗粒/胶囊,tcm-0007,27165
连花清瘟颗粒/胶囊,tcm-0007,2596
连花清瘟颗粒/胶囊,tcm-0007,2597
连花清瘟颗粒/胶囊,tcm-0007,55848
连花清瘟颗粒/胶囊,tcm-0007,572
连花清瘟颗粒/胶囊,tcm-0007,115489344
连花清瘟颗粒/胶囊,tcm-0007,581
连花清瘟颗粒/胶囊,tcm-0007,590
连花清瘟颗粒/胶囊,tcm-0007,593
连花清瘟颗粒/胶囊,tcm-0007,595
连花清瘟颗粒/胶囊,tcm-0007,596
连花清瘟颗粒/胶囊,tcm-0007,598
连花清瘟颗粒/胶囊,tcm-0007,51802
连花清瘟颗粒/胶囊,tcm-0007,51805
连花清瘟颗粒/胶囊,tcm-0007,6750
连花清瘟颗粒/胶囊,tcm-0007,8804
连花清瘟颗粒/胶囊,tcm-0007,2660
连花清瘟颗粒/胶囊,tcm-0007,51816
连花清瘟颗粒/胶囊,tcm-0007,10864
连花清瘟颗粒/胶囊,tcm-0007,6772
连花清瘟颗粒/胶囊,tcm-0007,6774
连花清瘟颗粒/胶囊,tcm-0007,632
连花清瘟颗粒/胶囊,tcm-0007,4744
连花清瘟颗粒/胶囊,tcm-0007,2697
连花清瘟颗粒/胶囊,tcm-0007,654
连花清瘟颗粒/胶囊,tcm-0007,150159
连花清瘟颗粒/胶囊,tcm-0007,100049555
连花清瘟颗粒/胶囊,tcm-0007,2720
连花清瘟颗粒/胶囊,tcm-0007,4772
连花清瘟颗粒/胶囊,tcm-0007,4773
连花清瘟颗粒/胶囊,tcm-0007,8877
连花清瘟颗粒/胶囊,tcm-0007,4783
连花清瘟颗粒/胶囊,tcm-0007,8884
连花清瘟颗粒/胶囊,tcm-0007,695
连花清瘟颗粒/胶囊,tcm-0007,4792
连花清瘟颗粒/胶囊,tcm-0007,699
连花清瘟颗粒/胶囊,tcm-0007,162514
连花清瘟颗粒/胶囊,tcm-0007,728
连花清瘟颗粒/胶囊,tcm-0007,4835
连花清瘟颗粒/胶囊,tcm-0007,4843
连花清瘟颗粒/胶囊,tcm-0007,4846
连花清瘟颗粒/胶囊,tcm-0007,64240
连花清瘟颗粒/胶囊,tcm-0007,64241
连花清瘟颗粒/胶囊,tcm-0007,100043508
连花清瘟颗粒/胶囊,tcm-0007,2805
连花清瘟颗粒/胶囊,tcm-0007,760
连花清瘟颗粒/胶囊,tcm-0007,4860
连花清瘟颗粒/胶囊,tcm-0007,774
连花清瘟颗粒/胶囊,tcm-0007,776
连花清瘟颗粒/胶囊,tcm-0007,8972
连花清瘟颗粒/胶囊,tcm-0007,102636309
连花清瘟颗粒/胶囊,tcm-0007,796
连花清瘟颗粒/胶囊,tcm-0007,8989
连花清瘟颗粒/胶囊,tcm-0007,4901
连花清瘟颗粒/胶囊,tcm-0007,808
连花清瘟颗粒/胶囊,tcm-0007,4915
连花清瘟颗粒/胶囊,tcm-0007,2875
连花清瘟颗粒/胶囊,tcm-0007,283455
连花清瘟颗粒/胶囊,tcm-0007,834
连花清瘟颗粒/胶囊,tcm-0007,836
连花清瘟颗粒/胶囊,tcm-0007,841
连花清瘟颗粒/胶囊,tcm-0007,842
连花清瘟颗粒/胶囊,tcm-0007,100416331
连花清瘟颗粒/胶囊,tcm-0007,11082
连花清瘟颗粒/胶囊,tcm-0007,2891
连花清瘟颗粒/胶囊,tcm-0007,847
连花清瘟颗粒/胶囊,tcm-0007,54101
连花清瘟颗粒/胶囊,tcm-0007,4953
连花清瘟颗粒/胶囊,tcm-0007,862
连花清瘟颗粒/胶囊,tcm-0007,84830
连花清瘟颗粒/胶囊,tcm-0007,11104
连花清瘟颗粒/胶囊,tcm-0007,2919
连花清瘟颗粒/胶囊,tcm-0007,2920
连花清瘟颗粒/胶囊,tcm-0007,2931
连花清瘟颗粒/胶囊,tcm-0007,2932
连花清瘟颗粒/胶囊,tcm-0007,890
连花清瘟颗粒/胶囊,tcm-0007,891
连花清瘟颗粒/胶囊,tcm-0007,894
连花清瘟颗粒/胶囊,tcm-0007,7040
连花清瘟颗粒/胶囊,tcm-0007,7042
连花清瘟颗粒/胶囊,tcm-0007,7043
连花清瘟颗粒/胶囊,tcm-0007,2946
连花清瘟颗粒/胶囊,tcm-0007,2950
连花清瘟颗粒/胶囊,tcm-0007,11153
连花清瘟颗粒/胶囊,tcm-0007,5018
连花清瘟颗粒/胶囊,tcm-0007,7068
连花清瘟颗粒/胶囊,tcm-0007,9120
连花清瘟颗粒/胶囊,tcm-0007,5032
连花清瘟颗粒/胶囊,tcm-0007,102638504
连花清瘟颗粒/胶囊,tcm-0007,942
连花清瘟颗粒/胶囊,tcm-0007,948
连花清瘟颗粒/胶囊,tcm-0007,102800311
连花清瘟颗粒/胶囊,tcm-0007,958
连花清瘟颗粒/胶囊,tcm-0007,959
连花清瘟颗粒/胶囊,tcm-0007,5054
连花清瘟颗粒/胶囊,tcm-0007,54206
连花清瘟颗粒/胶囊,tcm-0007,56256
连花清瘟颗粒/胶囊,tcm-0007,5066
连花清瘟颗粒/胶囊,tcm-0007,973
连花清瘟颗粒/胶囊,tcm-0007,9166
连花清瘟颗粒/胶囊,tcm-0007,7124
连花清瘟颗粒/胶囊,tcm-0007,9173
连花清瘟颗粒/胶囊,tcm-0007,160728
连花清瘟颗粒/胶囊,tcm-0007,100113371
连花清瘟颗粒/胶囊,tcm-0007,115677
连花清瘟颗粒/胶囊,tcm-0007,3037
连花清瘟颗粒/胶囊,tcm-0007,993
连花清瘟颗粒/胶囊,tcm-0007,7157
连花清瘟颗粒/胶囊,tcm-0007,23542
连花清瘟颗粒/胶囊,tcm-0007,5111
连花清瘟颗粒/胶囊,tcm-0007,1017
连花清瘟颗粒/胶囊,tcm-0007,3067
连花清瘟颗粒/胶囊,tcm-0007,1019
连花清瘟颗粒/胶囊,tcm-0007,1021
连花清瘟颗粒/胶囊,tcm-0007,1026
连花清瘟颗粒/胶囊,tcm-0007,23554
连花清瘟颗粒/胶囊,tcm-0007,1029
连花清瘟颗粒/胶囊,tcm-0007,132112
连花清瘟颗粒/胶囊,tcm-0007,3091
连花清瘟颗粒/胶囊,tcm-0007,3105
连花清瘟颗粒/胶囊,tcm-0007,3106
连花清瘟颗粒/胶囊,tcm-0007,3107
连花清瘟颗粒/胶囊,tcm-0007,5175
连花清瘟颗粒/胶囊,tcm-0007,7226
连花清瘟颗粒/胶囊,tcm-0007,384059
连花清瘟颗粒/胶囊,tcm-0007,3134
连花清瘟颗粒/胶囊,tcm-0007,3135
连花清瘟颗粒/胶囊,tcm-0007,60482
连花清瘟颗粒/胶囊,tcm-0007,3156
连花清瘟颗粒/胶囊,tcm-0007,3162
连花清瘟颗粒/胶囊,tcm-0007,1116
连花清瘟颗粒/胶囊,tcm-0007,5213
连花清瘟颗粒/胶囊,tcm-0007,9311
连花清瘟颗粒/胶囊,tcm-0007,3172
连花清瘟颗粒/胶囊,tcm-0007,1128
连花清瘟颗粒/胶囊,tcm-0007,5226
连花清瘟颗粒/胶囊,tcm-0007,3184
连花清瘟颗粒/胶囊,tcm-0007,5241
连花清瘟颗粒/胶囊,tcm-0007,7290
连花清瘟颗粒/胶囊,tcm-0007,7299
连花清瘟颗粒/胶囊,tcm-0007,29850
连花清瘟颗粒/胶囊,tcm-0007,7358
连花清瘟颗粒/胶囊,tcm-0007,5313
连花清瘟颗粒/胶囊,tcm-0007,23753
连花清瘟颗粒/胶囊,tcm-0007,79054
连花清瘟颗粒/胶囊,tcm-0007,392399
连花清瘟颗粒/胶囊,tcm-0007,5328
连花清瘟颗粒/胶囊,tcm-0007,1236
连花清瘟颗粒/胶囊,tcm-0007,3291
连花清瘟颗粒/胶囊,tcm-0007,7412
连花清瘟颗粒/胶囊,tcm-0007,29946
连花清瘟颗粒/胶囊,tcm-0007,7422
连花清瘟颗粒/胶囊,tcm-0007,546055
连花清瘟颗粒/胶囊,tcm-0007,7433
连花清瘟颗粒/胶囊,tcm-0007,7442
连花清瘟颗粒/胶囊,tcm-0007,339221
连花清瘟颗粒/胶囊,tcm-0007,9493
连花清瘟颗粒/胶囊,tcm-0007,7465
连花清瘟颗粒/胶囊,tcm-0007,9516
连花清瘟颗粒/胶囊,tcm-0007,5424
连花清瘟颗粒/胶囊,tcm-0007,140596
连花清瘟颗粒/胶囊,tcm-0007,3381
连花清瘟颗粒/胶囊,tcm-0007,3383
连花清瘟颗粒/胶囊,tcm-0007,5444
连花清瘟颗粒/胶囊,tcm-0007,5447
连花清瘟颗粒/胶囊,tcm-0007,1352
连花清瘟颗粒/胶囊,tcm-0007,50506
连花清瘟颗粒/胶囊,tcm-0007,7498
连花清瘟颗粒/胶囊,tcm-0007,5465
连花清瘟颗粒/胶囊,tcm-0007,5468
连花清瘟颗粒/胶囊,tcm-0007,546143
连花清瘟颗粒/胶囊,tcm-0007,5473
连花清瘟颗粒/胶囊,tcm-0007,1386
连花清瘟颗粒/胶囊,tcm-0007,1390
连花清瘟颗粒/胶囊,tcm-0007,1392
连花清瘟颗粒/胶囊,tcm-0007,3458
连花清瘟颗粒/胶囊,tcm-0007,54663
连花清瘟颗粒/胶囊,tcm-0007,3481
连花清瘟颗粒/胶囊,tcm-0007,5530
连花清瘟颗粒/胶囊,tcm-0007,3495
连花清瘟颗粒/胶囊,tcm-0007,3500
连花清瘟颗粒/胶囊,tcm-0007,3512
连花清瘟颗粒/胶囊,tcm-0007,5578
连花清瘟颗粒/胶囊,tcm-0007,5579
连花清瘟颗粒/胶囊,tcm-0007,5580
连花清瘟颗粒/胶囊,tcm-0007,5581
连花清瘟颗粒/胶囊,tcm-0007,93650
连花清瘟颗粒/胶囊,tcm-0007,85458
连花清瘟颗粒/胶囊,tcm-0007,91607
连花清瘟颗粒/胶囊,tcm-0007,5594
连花清瘟颗粒/胶囊,tcm-0007,3553
连花清瘟颗粒/胶囊,tcm-0007,493027
连花清瘟颗粒/胶囊,tcm-0007,1509
连花清瘟颗粒/胶囊,tcm-0007,3558
连花清瘟颗粒/胶囊,tcm-0007,3565
连花清瘟颗粒/胶囊,tcm-0007,3569
连花清瘟颗粒/胶囊,tcm-0007,3575
连花清瘟颗粒/胶囊,tcm-0007,3576
连花清瘟颗粒/胶囊,tcm-0007,3586
连花清瘟颗粒/胶囊,tcm-0007,1543
连花清瘟颗粒/胶囊,tcm-0007,3592
连花清瘟颗粒/胶囊,tcm-0007,1545
连花清瘟颗粒/胶囊,tcm-0007,1544
连花清瘟颗粒/胶囊,tcm-0007,54795
连花清瘟颗粒/胶囊,tcm-0007,3596
连花清瘟颗粒/胶囊,tcm-0007,5644
连花清瘟颗粒/胶囊,tcm-0007,56849
连花清瘟颗粒/胶囊,tcm-0007,3603
连花清瘟颗粒/胶囊,tcm-0007,1555
连花清瘟颗粒/胶囊,tcm-0007,1571
连花清瘟颗粒/胶囊,tcm-0007,7716
连花清瘟颗粒/胶囊,tcm-0007,3620
连花清瘟颗粒/胶囊,tcm-0007,1576
连花清瘟颗粒/胶囊,tcm-0007,3627
连花清瘟颗粒/胶囊,tcm-0007,3630
连花清瘟颗粒/胶囊,tcm-0007,100036147
连花清瘟颗粒/胶囊,tcm-0007,1588
连花清瘟颗粒/胶囊,tcm-0007,3643
连花清瘟颗粒/胶囊,tcm-0007,9787
连花清瘟颗粒/胶囊,tcm-0007,3655
连花清瘟颗粒/胶囊,tcm-0007,3659
连花清瘟颗粒/胶囊,tcm-0007,5709
连花清瘟颗粒/胶囊,tcm-0007,83540
连花清瘟颗粒/胶囊,tcm-0007,1636
连花清瘟颗粒/胶囊,tcm-0007,5733
连花清瘟颗粒/胶囊,tcm-0007,56938
连花清瘟颗粒/胶囊,tcm-0007,1644
连花清瘟颗粒/胶囊,tcm-0007,3692
连花清瘟颗粒/胶囊,tcm-0007,5742
连花清瘟颗粒/胶囊,tcm-0007,5743
连花清瘟颗粒/胶囊,tcm-0007,374393
连花清瘟颗粒/胶囊,tcm-0007,3717
连花清瘟颗粒/胶囊,tcm-0007,3725
连花清瘟颗粒/胶囊,tcm-0007,50856
连花清瘟颗粒/胶囊,tcm-0007,7850
连花清瘟颗粒/胶囊,tcm-0007,3757
连花清瘟颗粒/胶囊,tcm-0007,100329135
连花清瘟颗粒/胶囊,tcm-0007,7855
连花清瘟颗粒/胶囊,tcm-0007,1728
连花清瘟颗粒/胶囊,tcm-0007,1733
连花清瘟颗粒/胶囊,tcm-0007,3783
连花清瘟颗粒/胶囊,tcm-0007,1736
连花清瘟颗粒/胶囊,tcm-0007,9935
连花清瘟颗粒/胶囊,tcm-0007,3791
连花清瘟颗粒/胶囊,tcm-0007,26330
连花清瘟颗粒/胶囊,tcm-0007,100036315
连花清瘟颗粒/胶囊,tcm-0007,1757
连花清瘟颗粒/胶囊,tcm-0007,5879
连花清瘟颗粒/胶囊,tcm-0007,55033
连花清瘟颗粒/胶囊,tcm-0007,102633210
连花清瘟颗粒/胶囊,tcm-0007,79613
连花清瘟颗粒/胶囊,tcm-0007,115486470
连花清瘟颗粒/胶囊,tcm-0007,1806
连花清瘟颗粒/胶囊,tcm-0007,110357
连花清瘟颗粒/胶囊,tcm-0007,10006
连花清瘟颗粒/胶囊,tcm-0007,1827
连花清瘟颗粒/胶囊,tcm-0007,5925
连花清瘟颗粒/胶囊,tcm-0007,7980
连花清瘟颗粒/胶囊,tcm-0007,646962
连花清瘟颗粒/胶囊,tcm-0007,100503359
连花清瘟颗粒/胶囊,tcm-0007,622402
连花清瘟颗粒/胶囊,tcm-0007,1870
连花清瘟颗粒/胶囊,tcm-0007,1871
连花清瘟颗粒/胶囊,tcm-0007,5970
连花清瘟颗粒/胶囊,tcm-0007,5972
连花清瘟颗粒/胶囊,tcm-0007,3937
连花清瘟颗粒/胶囊,tcm-0007,3938
连花清瘟颗粒/胶囊,tcm-0007,26503
连花清瘟颗粒/胶囊,tcm-0007,51083
连花清瘟颗粒/胶囊,tcm-0007,3981
连花清瘟颗粒/胶囊,tcm-0007,346007
连花清瘟颗粒/胶囊,tcm-0007,102639543
连花清瘟颗粒/胶囊,tcm-0007,51135
连花清瘟颗粒/胶囊,tcm-0007,284611
连花清瘟颗粒/胶囊,tcm-0007,59344
连花清瘟颗粒/胶囊,tcm-0007,51191
连花清瘟颗粒/胶囊,tcm-0007,4094
宣肺败毒颗粒,tcm-0006,2052
宣肺败毒颗粒,tcm-0006,2054
宣肺败毒颗粒,tcm-0006,2056
宣肺败毒颗粒,tcm-0006,2064
宣肺败毒颗粒,tcm-0006,2065
宣肺败毒颗粒,tcm-0006,18
宣肺败毒颗粒,tcm-0006,19
宣肺败毒颗粒,tcm-0006,55312
宣肺败毒颗粒,tcm-0006,31
宣肺败毒颗粒,tcm-0006,4128
宣肺败毒颗粒,tcm-0006,4129
宣肺败毒颗粒,tcm-0006,161823
宣肺败毒颗粒,tcm-0006,4133
宣肺败毒颗粒,tcm-0006,40
宣肺败毒颗粒,tcm-0006,41
宣肺败毒颗粒,tcm-0006,43
宣肺败毒颗粒,tcm-0006,47
宣肺败毒颗粒,tcm-0006,653361
宣肺败毒颗粒,tcm-0006,6194
宣肺败毒颗粒,tcm-0006,2099
宣肺败毒颗粒,tcm-0006,2100
宣肺败毒颗粒,tcm-0006,52
宣肺败毒颗粒,tcm-0006,54
宣肺败毒颗粒,tcm-0006,55
宣肺败毒颗粒,tcm-0006,58
宣肺败毒颗粒,tcm-0006,51260
宣肺败毒颗粒,tcm-0006,60
宣肺败毒颗粒,tcm-0006,70
宣肺败毒颗粒,tcm-0006,8263
宣肺败毒颗粒,tcm-0006,71
宣肺败毒颗粒,tcm-0006,72
宣肺败毒颗粒,tcm-0006,4170
宣肺败毒颗粒,tcm-0006,86
宣肺败毒颗粒,tcm-0006,10327
宣肺败毒颗粒,tcm-0006,51293
宣肺败毒颗粒,tcm-0006,4193
宣肺败毒颗粒,tcm-0006,6241
宣肺败毒颗粒,tcm-0006,100
宣肺败毒颗粒,tcm-0006,103
宣肺败毒颗粒,tcm-0006,2152
宣肺败毒颗粒,tcm-0006,104
宣肺败毒颗粒,tcm-0006,105
宣肺败毒颗粒,tcm-0006,6256
宣肺败毒颗粒,tcm-0006,6257
宣肺败毒颗粒,tcm-0006,30835
宣肺败毒颗粒,tcm-0006,2168
宣肺败毒颗粒,tcm-0006,8313
宣肺败毒颗粒,tcm-0006,135293
宣肺败毒颗粒,tcm-0006,8324
宣肺败毒颗粒,tcm-0006,8325
宣肺败毒颗粒,tcm-0006,132
宣肺败毒颗粒,tcm-0006,134
宣肺败毒颗粒,tcm-0006,4233
宣肺败毒颗粒,tcm-0006,51337
宣肺败毒颗粒,tcm-0006,142
宣肺败毒颗粒,tcm-0006,729230
宣肺败毒颗粒,tcm-0006,2194
宣肺败毒颗粒,tcm-0006,148
宣肺败毒颗粒,tcm-0006,150
宣肺败毒颗粒,tcm-0006,152
宣肺败毒颗粒,tcm-0006,153
宣肺败毒颗粒,tcm-0006,154
宣肺败毒颗粒,tcm-0006,155
宣肺败毒颗粒,tcm-0006,10396
宣肺败毒颗粒,tcm-0006,6303
宣肺败毒颗粒,tcm-0006,2208
宣肺败毒颗粒,tcm-0006,4257
宣肺败毒颗粒,tcm-0006,2213
宣肺败毒颗粒,tcm-0006,110773
宣肺败毒颗粒,tcm-0006,183
宣肺败毒颗粒,tcm-0006,6331
宣肺败毒颗粒,tcm-0006,191
宣肺败毒颗粒,tcm-0006,6337
宣肺败毒颗粒,tcm-0006,6338
宣肺败毒颗粒,tcm-0006,6339
宣肺败毒颗粒,tcm-0006,196
宣肺败毒颗粒,tcm-0006,6340
宣肺败毒颗粒,tcm-0006,2247
宣肺败毒颗粒,tcm-0006,6347
宣肺败毒颗粒,tcm-0006,2252
宣肺败毒颗粒,tcm-0006,6348
宣肺败毒颗粒,tcm-0006,207
宣肺败毒颗粒,tcm-0006,10449
宣肺败毒颗粒,tcm-0006,210
宣肺败毒颗粒,tcm-0006,4306
宣肺败毒颗粒,tcm-0006,110804
宣肺败毒颗粒,tcm-0006,51412
宣肺败毒颗粒,tcm-0006,4311
宣肺败毒颗粒,tcm-0006,4312
宣肺败毒颗粒,tcm-0006,102641880
宣肺败毒颗粒,tcm-0006,216
宣肺败毒颗粒,tcm-0006,6363
宣肺败毒颗粒,tcm-0006,217
宣肺败毒颗粒,tcm-0006,220
宣肺败毒颗粒,tcm-0006,4318
宣肺败毒颗粒,tcm-0006,51422
宣肺败毒颗粒,tcm-0006,4313
宣肺败毒颗粒,tcm-0006,4319
宣肺败毒颗粒,tcm-0006,55515
宣肺败毒颗粒,tcm-0006,110819
宣肺败毒颗粒,tcm-0006,10468
宣肺败毒颗粒,tcm-0006,6373
宣肺败毒颗粒,tcm-0006,55526
宣肺败毒颗粒,tcm-0006,231
宣肺败毒颗粒,tcm-0006,6372
宣肺败毒颗粒,tcm-0006,6376
宣肺败毒颗粒,tcm-0006,4322
宣肺败毒颗粒,tcm-0006,240
宣肺败毒颗粒,tcm-0006,6387
宣肺败毒颗粒,tcm-0006,6389
宣肺败毒颗粒,tcm-0006,6390
宣肺败毒颗粒,tcm-0006,248
宣肺败毒颗粒,tcm-0006,249
宣肺败毒颗粒,tcm-0006,250
宣肺败毒颗粒,tcm-0006,251
宣肺败毒颗粒,tcm-0006,6401
宣肺败毒颗粒,tcm-0006,4353
宣肺败毒颗粒,tcm-0006,259
宣肺败毒颗粒,tcm-0006,2308
宣肺败毒颗粒,tcm-0006,51477
宣肺败毒颗粒,tcm-0006,279
宣肺败毒颗粒,tcm-0006,2335
宣肺败毒颗粒,tcm-0006,6439
宣肺败毒颗粒,tcm-0006,8490
宣肺败毒颗粒,tcm-0006,2348
宣肺败毒颗粒,tcm-0006,2350
宣肺败毒颗粒,tcm-0006,100133168
宣肺败毒颗粒,tcm-0006,2353
宣肺败毒颗粒,tcm-0006,6451
宣肺败毒颗粒,tcm-0006,2359
宣肺败毒颗粒,tcm-0006,314
宣肺败毒颗粒,tcm-0006,102238523
宣肺败毒颗粒,tcm-0006,108167498
宣肺败毒颗粒,tcm-0006,331
宣肺败毒颗粒,tcm-0006,332
宣肺败毒颗粒,tcm-0006,351
宣肺败毒颗粒,tcm-0006,51557
宣肺败毒颗粒,tcm-0006,10598
宣肺败毒颗粒,tcm-0006,10606
宣肺败毒颗粒,tcm-0006,367
宣肺败毒颗粒,tcm-0006,6513
宣肺败毒颗粒,tcm-0006,6514
宣肺败毒颗粒,tcm-0006,6515
宣肺败毒颗粒,tcm-0006,6517
宣肺败毒颗粒,tcm-0006,375
宣肺败毒颗粒,tcm-0006,6528
宣肺败毒颗粒,tcm-0006,22914
宣肺败毒颗粒,tcm-0006,6530
宣肺败毒颗粒,tcm-0006,387
宣肺败毒颗粒,tcm-0006,6531
宣肺败毒颗粒,tcm-0006,389
宣肺败毒颗粒,tcm-0006,6532
宣肺败毒颗粒,tcm-0006,414089
宣肺败毒颗粒,tcm-0006,22933
宣肺败毒颗粒,tcm-0006,27032
宣肺败毒颗粒,tcm-0006,6566
宣肺败毒颗粒,tcm-0006,2475
宣肺败毒颗粒,tcm-0006,8626
宣肺败毒颗粒,tcm-0006,6580
宣肺败毒颗粒,tcm-0006,6584
宣肺败毒颗粒,tcm-0006,4543
宣肺败毒颗粒,tcm-0006,346562
宣肺败毒颗粒,tcm-0006,8644
宣肺败毒颗粒,tcm-0006,29126
宣肺败毒颗粒,tcm-0006,8648
宣肺败毒颗粒,tcm-0006,462
宣肺败毒颗粒,tcm-0006,8654
宣肺败毒颗粒,tcm-0006,319954
宣肺败毒颗粒,tcm-0006,139741
宣肺败毒颗粒,tcm-0006,338398
宣肺败毒颗粒,tcm-0006,4582
宣肺败毒颗粒,tcm-0006,27113
宣肺败毒颗粒,tcm-0006,2538
宣肺败毒颗粒,tcm-0006,2539
宣肺败毒颗粒,tcm-0006,2547
宣肺败毒颗粒,tcm-0006,2550
宣肺败毒颗粒,tcm-0006,6647
宣肺败毒颗粒,tcm-0006,6648
宣肺败毒颗粒,tcm-0006,170487
宣肺败毒颗粒,tcm-0006,4602
宣肺败毒颗粒,tcm-0006,23038
宣肺败毒颗粒,tcm-0006,117247
宣肺败毒颗粒,tcm-0006,4609
宣肺败毒颗粒,tcm-0006,8714
宣肺败毒颗粒,tcm-0006,6678
宣肺败毒颗粒,tcm-0006,51738
宣肺败毒颗粒,tcm-0006,162333
宣肺败毒颗粒,tcm-0006,4638
宣肺败毒颗粒,tcm-0006,653857
宣肺败毒颗粒,tcm-0006,546
宣肺败毒颗粒,tcm-0006,2596
宣肺败毒颗粒,tcm-0006,84517
宣肺败毒颗粒,tcm-0006,6696
宣肺败毒颗粒,tcm-0006,55848
宣肺败毒颗粒,tcm-0006,55860
宣肺败毒颗粒,tcm-0006,27190
宣肺败毒颗粒,tcm-0006,6714
宣肺败毒颗粒,tcm-0006,572
宣肺败毒颗粒,tcm-0006,6718
宣肺败毒颗粒,tcm-0006,27199
宣肺败毒颗粒,tcm-0006,115489344
宣肺败毒颗粒,tcm-0006,578
宣肺败毒颗粒,tcm-0006,8772
宣肺败毒颗粒,tcm-0006,581
宣肺败毒颗粒,tcm-0006,53829
宣肺败毒颗粒,tcm-0006,2628
宣肺败毒颗粒,tcm-0006,590
宣肺败毒颗粒,tcm-0006,593
宣肺败毒颗粒,tcm-0006,595
宣肺败毒颗粒,tcm-0006,596
宣肺败毒颗粒,tcm-0006,597
宣肺败毒颗粒,tcm-0006,598
宣肺败毒颗粒,tcm-0006,599
宣肺败毒颗粒,tcm-0006,2643
宣肺败毒颗粒,tcm-0006,51802
宣肺败毒颗粒,tcm-0006,8797
宣肺败毒颗粒,tcm-0006,51805
宣肺败毒颗粒,tcm-0006,2657
宣肺败毒颗粒,tcm-0006,8804
宣肺败毒颗粒,tcm-0006,51816
宣肺败毒颗粒,tcm-0006,4719
宣肺败毒颗粒,tcm-0006,10864
宣肺败毒颗粒,tcm-0006,6772
宣肺败毒颗粒,tcm-0006,6774
宣肺败毒颗粒,tcm-0006,632
宣肺败毒颗粒,tcm-0006,10874
宣肺败毒颗粒,tcm-0006,113278
宣肺败毒颗粒,tcm-0006,6783
宣肺败毒颗粒,tcm-0006,10880
宣肺败毒颗粒,tcm-0006,10881
宣肺败毒颗粒,tcm-0006,8837
宣肺败毒颗粒,tcm-0006,645
宣肺败毒颗粒,tcm-0006,2697
宣肺败毒颗粒,tcm-0006,650
宣肺败毒颗粒,tcm-0006,10891
宣肺败毒颗粒,tcm-0006,652
宣肺败毒颗粒,tcm-0006,654
宣肺败毒颗粒,tcm-0006,100049555
宣肺败毒颗粒,tcm-0006,111253
宣肺败毒颗粒,tcm-0006,8856
宣肺败毒颗粒,tcm-0006,666
宣肺败毒颗粒,tcm-0006,672
宣肺败毒颗粒,tcm-0006,6817
宣肺败毒颗粒,tcm-0006,675
宣肺败毒颗粒,tcm-0006,4772
宣肺败毒颗粒,tcm-0006,4773
宣肺败毒颗粒,tcm-0006,682
宣肺败毒颗粒,tcm-0006,2730
宣肺败毒颗粒,tcm-0006,4780
宣肺败毒颗粒,tcm-0006,8877
宣肺败毒颗粒,tcm-0006,8884
宣肺败毒颗粒,tcm-0006,4792
宣肺败毒颗粒,tcm-0006,699
宣肺败毒颗粒,tcm-0006,2752
宣肺败毒颗粒,tcm-0006,718
宣肺败毒颗粒,tcm-0006,2770
宣肺败毒颗粒,tcm-0006,725
宣肺败毒颗粒,tcm-0006,2773
宣肺败毒颗粒,tcm-0006,728
宣肺败毒颗粒,tcm-0006,4824
宣肺败毒颗粒,tcm-0006,84706
宣肺败毒颗粒,tcm-0006,4843
宣肺败毒颗粒,tcm-0006,8940
宣肺败毒颗粒,tcm-0006,4846
宣肺败毒颗粒,tcm-0006,64240
宣肺败毒颗粒,tcm-0006,64241
宣肺败毒颗粒,tcm-0006,100043508
宣肺败毒颗粒,tcm-0006,4852
宣肺败毒颗粒,tcm-0006,2805
宣肺败毒颗粒,tcm-0006,760
宣肺败毒颗粒,tcm-0006,774
宣肺败毒颗粒,tcm-0006,775
宣肺败毒颗粒,tcm-0006,776
宣肺败毒颗粒,tcm-0006,2826
宣肺败毒颗粒,tcm-0006,8972
宣肺败毒颗粒,tcm-0006,102636309
宣肺败毒颗粒,tcm-0006,8989
宣肺败毒颗粒,tcm-0006,808
宣肺败毒颗粒,tcm-0006,4914
宣肺败毒颗粒,tcm-0006,4915
宣肺败毒颗粒,tcm-0006,283455
宣肺败毒颗粒,tcm-0006,834
宣肺败毒颗粒,tcm-0006,283459
宣肺败毒颗粒,tcm-0006,836
宣肺败毒颗粒,tcm-0006,840
宣肺败毒颗粒,tcm-0006,841
宣肺败毒颗粒,tcm-0006,11082
宣肺败毒颗粒,tcm-0006,100416331
宣肺败毒颗粒,tcm-0006,842
宣肺败毒颗粒,tcm-0006,2891
宣肺败毒颗粒,tcm-0006,847
宣肺败毒颗粒,tcm-0006,4953
宣肺败毒颗粒,tcm-0006,857
宣肺败毒颗粒,tcm-0006,860
宣肺败毒颗粒,tcm-0006,100504412
宣肺败毒颗粒,tcm-0006,862
宣肺败毒颗粒,tcm-0006,84830
宣肺败毒颗粒,tcm-0006,7011
宣肺败毒颗粒,tcm-0006,2919
宣肺败毒颗粒,tcm-0006,2920
宣肺败毒颗粒,tcm-0006,4968
宣肺败毒颗粒,tcm-0006,4973
宣肺败毒颗粒,tcm-0006,2931
宣肺败毒颗粒,tcm-0006,2932
宣肺败毒颗粒,tcm-0006,890
宣肺败毒颗粒,tcm-0006,891
宣肺败毒颗粒,tcm-0006,894
宣肺败毒颗粒,tcm-0006,7039
宣肺败毒颗粒,tcm-0006,7040
宣肺败毒颗粒,tcm-0006,2944
宣肺败毒颗粒,tcm-0006,7042
宣肺败毒颗粒,tcm-0006,898
宣肺败毒颗粒,tcm-0006,7044
宣肺败毒颗粒,tcm-0006,2946
宣肺败毒颗粒,tcm-0006,2950
宣肺败毒颗粒,tcm-0006,7052
宣肺败毒颗粒,tcm-0006,353164
宣肺败毒颗粒,tcm-0006,7056
宣肺败毒颗粒,tcm-0006,5018
宣肺败毒颗粒,tcm-0006,7068
宣肺败毒颗粒,tcm-0006,5020
宣肺败毒颗粒,tcm-0006,7071
宣肺败毒颗粒,tcm-0006,9120
宣肺败毒颗粒,tcm-0006,929
宣肺败毒颗粒,tcm-0006,7076
宣肺败毒颗粒,tcm-0006,5028
宣肺败毒颗粒,tcm-0006,256933
宣肺败毒颗粒,tcm-0006,5032
宣肺败毒颗粒,tcm-0006,940
宣肺败毒颗粒,tcm-0006,941
宣肺败毒颗粒,tcm-0006,9134
宣肺败毒颗粒,tcm-0006,108168111
宣肺败毒颗粒,tcm-0006,942
宣肺败毒颗粒,tcm-0006,948
宣肺败毒颗粒,tcm-0006,102800311
宣肺败毒颗粒,tcm-0006,54205
宣肺败毒颗粒,tcm-0006,5054
宣肺败毒颗粒,tcm-0006,959
宣肺败毒颗粒,tcm-0006,958
宣肺败毒颗粒,tcm-0006,441282
宣肺败毒颗粒,tcm-0006,969
宣肺败毒颗粒,tcm-0006,5066
宣肺败毒颗粒,tcm-0006,5069
宣肺败毒颗粒,tcm-0006,9166
宣肺败毒颗粒,tcm-0006,973
宣肺败毒颗粒,tcm-0006,7124
宣肺败毒颗粒,tcm-0006,11221
宣肺败毒颗粒,tcm-0006,160728
宣肺败毒颗粒,tcm-0006,100113371
宣肺败毒颗粒,tcm-0006,115677
宣肺败毒颗粒,tcm-0006,3037
宣肺败毒颗粒,tcm-0006,993
宣肺败毒颗粒,tcm-0006,994
宣肺败毒颗粒,tcm-0006,998
宣肺败毒颗粒,tcm-0006,7145
宣肺败毒颗粒,tcm-0006,5104
宣肺败毒颗粒,tcm-0006,7153
宣肺败毒颗粒,tcm-0006,11251
宣肺败毒颗粒,tcm-0006,3060
宣肺败毒颗粒,tcm-0006,7157
宣肺败毒颗粒,tcm-0006,23542
宣肺败毒颗粒,tcm-0006,5111
宣肺败毒颗粒,tcm-0006,7155
宣肺败毒颗粒,tcm-0006,1017
宣肺败毒颗粒,tcm-0006,7156
宣肺败毒颗粒,tcm-0006,1019
宣肺败毒颗粒,tcm-0006,1021
宣肺败毒颗粒,tcm-0006,1022
宣肺败毒颗粒,tcm-0006,7167
宣肺败毒颗粒,tcm-0006,1025
宣肺败毒颗粒,tcm-0006,1026
宣肺败毒颗粒,tcm-0006,1029
宣肺败毒颗粒,tcm-0006,1033
宣肺败毒颗粒,tcm-0006,5130
宣肺败毒颗粒,tcm-0006,132112
宣肺败毒颗粒,tcm-0006,7186
宣肺败毒颗粒,tcm-0006,3091
宣肺败毒颗粒,tcm-0006,3105
宣肺败毒颗粒,tcm-0006,3106
宣肺败毒颗粒,tcm-0006,3107
宣肺败毒颗粒,tcm-0006,5175
宣肺败毒颗粒,tcm-0006,384059
宣肺败毒颗粒,tcm-0006,3134
宣肺败毒颗粒,tcm-0006,60482
宣肺败毒颗粒,tcm-0006,3140
宣肺败毒颗粒,tcm-0006,64581
宣肺败毒颗粒,tcm-0006,3156
宣肺败毒颗粒,tcm-0006,3157
宣肺败毒颗粒,tcm-0006,1109
宣肺败毒颗粒,tcm-0006,3162
宣肺败毒颗粒,tcm-0006,1116
宣肺败毒颗粒,tcm-0006,9311
宣肺败毒颗粒,tcm-0006,390243
宣肺败毒颗粒,tcm-0006,3172
宣肺败毒颗粒,tcm-0006,5223
宣肺败毒颗粒,tcm-0006,1128
宣肺败毒颗粒,tcm-0006,3184
宣肺败毒颗粒,tcm-0006,58487
宣肺败毒颗粒,tcm-0006,5241
宣肺败毒颗粒,tcm-0006,5243
宣肺败毒颗粒,tcm-0006,7299
宣肺败毒颗粒,tcm-0006,1164
宣肺败毒颗粒,tcm-0006,58510
宣肺败毒颗粒,tcm-0006,5265
宣肺败毒颗粒,tcm-0006,9376
宣肺败毒颗粒,tcm-0006,54454
宣肺败毒颗粒,tcm-0006,7351
宣肺败毒颗粒,tcm-0006,29880
宣肺败毒颗粒,tcm-0006,7358
宣肺败毒颗粒,tcm-0006,5313
宣肺败毒颗粒,tcm-0006,5321
宣肺败毒颗粒,tcm-0006,4314
宣肺败毒颗粒,tcm-0006,1230
宣肺败毒颗粒,tcm-0006,1232
宣肺败毒颗粒,tcm-0006,1233
宣肺败毒颗粒,tcm-0006,1234
宣肺败毒颗粒,tcm-0006,5328
宣肺败毒颗粒,tcm-0006,1236
宣肺败毒颗粒,tcm-0006,9429
宣肺败毒颗粒,tcm-0006,259285
宣肺败毒颗粒,tcm-0006,259286
宣肺败毒颗粒,tcm-0006,7384
宣肺败毒颗粒,tcm-0006,7385
宣肺败毒颗粒,tcm-0006,259287
宣肺败毒颗粒,tcm-0006,3291
宣肺败毒颗粒,tcm-0006,259289
宣肺败毒颗粒,tcm-0006,259290
宣肺败毒颗粒,tcm-0006,259293
宣肺败毒颗粒,tcm-0006,259294
宣肺败毒颗粒,tcm-0006,259295
宣肺败毒颗粒,tcm-0006,259296
宣肺败毒颗粒,tcm-0006,283869
宣肺败毒颗粒,tcm-0006,5340
宣肺败毒颗粒,tcm-0006,5347
宣肺败毒颗粒,tcm-0006,3309
宣肺败毒颗粒,tcm-0006,9455
宣肺败毒颗粒,tcm-0006,3315
宣肺败毒颗粒,tcm-0006,7412
宣肺败毒颗粒,tcm-0006,5366
宣肺败毒颗粒,tcm-0006,5368
宣肺败毒颗粒,tcm-0006,9468
宣肺败毒颗粒,tcm-0006,1277
宣肺败毒颗粒,tcm-0006,7422
宣肺败毒颗粒,tcm-0006,1280
宣肺败毒颗粒,tcm-0006,1281
宣肺败毒颗粒,tcm-0006,546055
宣肺败毒颗粒,tcm-0006,1294
宣肺败毒颗粒,tcm-0006,7442
宣肺败毒颗粒,tcm-0006,9493
宣肺败毒颗粒,tcm-0006,339221
宣肺败毒颗粒,tcm-0006,9516
宣肺败毒颗粒,tcm-0006,5424
宣肺败毒颗粒,tcm-0006,9521
宣肺败毒颗粒,tcm-0006,50484
宣肺败毒颗粒,tcm-0006,3381
宣肺败毒颗粒,tcm-0006,3383
宣肺败毒颗粒,tcm-0006,9536
宣肺败毒颗粒,tcm-0006,5443
宣肺败毒颗粒,tcm-0006,5444
宣肺败毒颗粒,tcm-0006,5447
宣肺败毒颗粒,tcm-0006,1352
宣肺败毒颗粒,tcm-0006,7498
宣肺败毒颗粒,tcm-0006,50507
宣肺败毒颗粒,tcm-0006,50506
宣肺败毒颗粒,tcm-0006,140625
宣肺败毒颗粒,tcm-0006,5465
宣肺败毒颗粒,tcm-0006,9563
宣肺败毒颗粒,tcm-0006,5468
宣肺败毒颗粒,tcm-0006,5467
宣肺败毒颗粒,tcm-0006,546143
宣肺败毒颗粒,tcm-0006,5473
宣肺败毒颗粒,tcm-0006,1385
宣肺败毒颗粒,tcm-0006,1386
宣肺败毒颗粒,tcm-0006,1390
宣肺败毒颗粒,tcm-0006,9588
宣肺败毒颗粒,tcm-0006,5494
宣肺败毒颗粒,tcm-0006,1401
宣肺败毒颗粒,tcm-0006,3458
宣肺败毒颗粒,tcm-0006,1431
宣肺败毒颗粒,tcm-0006,3480
宣肺败毒颗粒,tcm-0006,5530
宣肺败毒颗粒,tcm-0006,3486
宣肺败毒颗粒,tcm-0006,3500
宣肺败毒颗粒,tcm-0006,5557
宣肺败毒颗粒,tcm-0006,400823
宣肺败毒颗粒,tcm-0006,3512
宣肺败毒颗粒,tcm-0006,93624
宣肺败毒颗粒,tcm-0006,5562
宣肺败毒颗粒,tcm-0006,5563
宣肺败毒颗粒,tcm-0006,5578
宣肺败毒颗粒,tcm-0006,5579
宣肺败毒颗粒,tcm-0006,5580
宣肺败毒颗粒,tcm-0006,5581
宣肺败毒颗粒,tcm-0006,54737
宣肺败毒颗粒,tcm-0006,93650
宣肺败毒颗粒,tcm-0006,5587
宣肺败毒颗粒,tcm-0006,5594
宣肺败毒颗粒,tcm-0006,5595
宣肺败毒颗粒,tcm-0006,1499
宣肺败毒颗粒,tcm-0006,5599
宣肺败毒颗粒,tcm-0006,3552
宣肺败毒颗粒,tcm-0006,3553
宣肺败毒颗粒,tcm-0006,493027
宣肺败毒颗粒,tcm-0006,1509
宣肺败毒颗粒,tcm-0006,3558
宣肺败毒颗粒,tcm-0006,3565
宣肺败毒颗粒,tcm-0006,3569
宣肺败毒颗粒,tcm-0006,3575
宣肺败毒颗粒,tcm-0006,3576
宣肺败毒颗粒,tcm-0006,26108
宣肺败毒颗粒,tcm-0006,3586
宣肺败毒颗粒,tcm-0006,1543
宣肺败毒颗粒,tcm-0006,3592
宣肺败毒颗粒,tcm-0006,1545
宣肺败毒颗粒,tcm-0006,3593
宣肺败毒颗粒,tcm-0006,1544
宣肺败毒颗粒,tcm-0006,5644
宣肺败毒颗粒,tcm-0006,3596
宣肺败毒颗粒,tcm-0006,54793
宣肺败毒颗粒,tcm-0006,151056
宣肺败毒颗粒,tcm-0006,56849
宣肺败毒颗粒,tcm-0006,3603
宣肺败毒颗粒,tcm-0006,1555
宣肺败毒颗粒,tcm-0006,3615
宣肺败毒颗粒,tcm-0006,1571
宣肺败毒颗粒,tcm-0006,7716
宣肺败毒颗粒,tcm-0006,1576
宣肺败毒颗粒,tcm-0006,3627
宣肺败毒颗粒,tcm-0006,3630
宣肺败毒颗粒,tcm-0006,345651
宣肺败毒颗粒,tcm-0006,1588
宣肺败毒颗粒,tcm-0006,100036147
宣肺败毒颗粒,tcm-0006,3643
宣肺败毒颗粒,tcm-0006,9787
宣肺败毒颗粒,tcm-0006,5697
宣肺败毒颗粒,tcm-0006,3655
宣肺败毒颗粒,tcm-0006,5709
宣肺败毒颗粒,tcm-0006,3667
宣肺败毒颗粒,tcm-0006,83540
宣肺败毒颗粒,tcm-0006,83548
宣肺败毒颗粒,tcm-0006,5726
宣肺败毒颗粒,tcm-0006,5728
宣肺败毒颗粒,tcm-0006,1636
宣肺败毒颗粒,tcm-0006,5733
宣肺败毒颗粒,tcm-0006,3688
宣肺败毒颗粒,tcm-0006,56938
宣肺败毒颗粒,tcm-0006,3692
宣肺败毒颗粒,tcm-0006,1644
宣肺败毒颗粒,tcm-0006,5742
宣肺败毒颗粒,tcm-0006,5743
宣肺败毒颗粒,tcm-0006,1645
宣肺败毒颗粒,tcm-0006,3717
宣肺败毒颗粒,tcm-0006,81544
宣肺败毒颗粒,tcm-0006,83592
宣肺败毒颗粒,tcm-0006,3725
宣肺败毒颗粒,tcm-0006,50831
宣肺败毒颗粒,tcm-0006,50833
宣肺败毒颗粒,tcm-0006,50834
宣肺败毒颗粒,tcm-0006,50835
宣肺败毒颗粒,tcm-0006,50836
宣肺败毒颗粒,tcm-0006,50837
宣肺败毒颗粒,tcm-0006,50838
宣肺败毒颗粒,tcm-0006,50839
宣肺败毒颗粒,tcm-0006,50840
宣肺败毒颗粒,tcm-0006,100036249
宣肺败毒颗粒,tcm-0006,5793
宣肺败毒颗粒,tcm-0006,81569
宣肺败毒颗粒,tcm-0006,50856
宣肺败毒颗粒,tcm-0006,7850
宣肺败毒颗粒,tcm-0006,7852
宣肺败毒颗粒,tcm-0006,3757
宣肺败毒颗粒,tcm-0006,100329135
宣肺败毒颗粒,tcm-0006,7855
宣肺败毒颗粒,tcm-0006,57016
宣肺败毒颗粒,tcm-0006,1728
宣肺败毒颗粒,tcm-0006,1733
宣肺败毒颗粒,tcm-0006,3783
宣肺败毒颗粒,tcm-0006,1736
宣肺败毒颗粒,tcm-0006,9934
宣肺败毒颗粒,tcm-0006,3791
宣肺败毒颗粒,tcm-0006,100036315
宣肺败毒颗粒,tcm-0006,1757
宣肺败毒颗粒,tcm-0006,284382
宣肺败毒颗粒,tcm-0006,116447
宣肺败毒颗粒,tcm-0006,79602
宣肺败毒颗粒,tcm-0006,5879
宣肺败毒颗粒,tcm-0006,5881
宣肺败毒颗粒,tcm-0006,102633210
宣肺败毒颗粒,tcm-0006,255738
宣肺败毒颗粒,tcm-0006,3838
宣肺败毒颗粒,tcm-0006,5888
宣肺败毒颗粒,tcm-0006,3845
宣肺败毒颗粒,tcm-0006,115486470
宣肺败毒颗粒,tcm-0006,5894
宣肺败毒颗粒,tcm-0006,1803
宣肺败毒颗粒,tcm-0006,110357
宣肺败毒颗粒,tcm-0006,93973
宣肺败毒颗粒,tcm-0006,7957
宣肺败毒颗粒,tcm-0006,10018
宣肺败毒颗粒,tcm-0006,5924
宣肺败毒颗粒,tcm-0006,5925
宣肺败毒颗粒,tcm-0006,7980
宣肺败毒颗粒,tcm-0006,1845
宣肺败毒颗粒,tcm-0006,1850
宣肺败毒颗粒,tcm-0006,5948
宣肺败毒颗粒,tcm-0006,100503359
宣肺败毒颗粒,tcm-0006,57153
宣肺败毒颗粒,tcm-0006,622402
宣肺败毒颗粒,tcm-0006,1870
宣肺败毒颗粒,tcm-0006,10062
宣肺败毒颗粒,tcm-0006,1871
宣肺败毒颗粒,tcm-0006,5970
宣肺败毒颗粒,tcm-0006,100036440
宣肺败毒颗粒,tcm-0006,57180
宣肺败毒颗粒,tcm-0006,1889
宣肺败毒颗粒,tcm-0006,79719
宣肺败毒颗粒,tcm-0006,1901
宣肺败毒颗粒,tcm-0006,1903
宣肺败毒颗粒,tcm-0006,10096
宣肺败毒颗粒,tcm-0006,10097
宣肺败毒颗粒,tcm-0006,1906
宣肺败毒颗粒,tcm-0006,436085
宣肺败毒颗粒,tcm-0006,10105
宣肺败毒颗粒,tcm-0006,10120
宣肺败毒颗粒,tcm-0006,10121
宣肺败毒颗粒,tcm-0006,51083
宣肺败毒颗粒,tcm-0006,503692
宣肺败毒颗粒,tcm-0006,10125
宣肺败毒颗粒,tcm-0006,51094
宣肺败毒颗粒,tcm-0006,55197
宣肺败毒颗粒,tcm-0006,1950
宣肺败毒颗粒,tcm-0006,1956
宣肺败毒颗粒,tcm-0006,1965
宣肺败毒颗粒,tcm-0006,196527
宣肺败毒颗粒,tcm-0006,102639543
宣肺败毒颗粒,tcm-0006,4023
宣肺败毒颗粒,tcm-0006,51135
宣肺败毒颗粒,tcm-0006,8128
宣肺败毒颗粒,tcm-0006,92106
宣肺败毒颗粒,tcm-0006,59340
宣肺败毒颗粒,tcm-0006,159963
宣肺败毒颗粒,tcm-0006,59344
宣肺败毒颗粒,tcm-0006,51156
宣肺败毒颗粒,tcm-0006,2011
宣肺败毒颗粒,tcm-0006,4059
宣肺败毒颗粒,tcm-0006,2023
宣肺败毒颗粒,tcm-0006,2026
宣肺败毒颗粒,tcm-0006,2027
宣肺败毒颗粒,tcm-0006,100417514
宣肺败毒颗粒,tcm-0006,51191
清肺排毒颗粒,tcm-0004,51203
清肺排毒颗粒,tcm-0004,147463
清肺排毒颗粒,tcm-0004,387082
清肺排毒颗粒,tcm-0004,8202
清肺排毒颗粒,tcm-0004,2060
清肺排毒颗粒,tcm-0004,15
清肺排毒颗粒,tcm-0004,2064
清肺排毒颗粒,tcm-0004,18
清肺排毒颗粒,tcm-0004,19
清肺排毒颗粒,tcm-0004,79895
清肺排毒颗粒,tcm-0004,83992
清肺排毒颗粒,tcm-0004,31
清肺排毒颗粒,tcm-0004,4128
清肺排毒颗粒,tcm-0004,4129
清肺排毒颗粒,tcm-0004,4133
清肺排毒颗粒,tcm-0004,51239
清肺排毒颗粒,tcm-0004,43
清肺排毒颗粒,tcm-0004,6187
清肺排毒颗粒,tcm-0004,6191
清肺排毒颗粒,tcm-0004,653361
清肺排毒颗粒,tcm-0004,2099
清肺排毒颗粒,tcm-0004,2100
清肺排毒颗粒,tcm-0004,204851
清肺排毒颗粒,tcm-0004,8243
清肺排毒颗粒,tcm-0004,55
清肺排毒颗粒,tcm-0004,6203
清肺排毒颗粒,tcm-0004,51260
清肺排毒颗粒,tcm-0004,2110
清肺排毒颗粒,tcm-0004,57413
清肺排毒颗粒,tcm-0004,55367
清肺排毒颗粒,tcm-0004,8263
清肺排毒颗粒,tcm-0004,4170
清肺排毒颗粒,tcm-0004,374860
清肺排毒颗粒,tcm-0004,10316
清肺排毒颗粒,tcm-0004,4172
清肺排毒颗粒,tcm-0004,4175
清肺排毒颗粒,tcm-0004,51289
清肺排毒颗粒,tcm-0004,93
清肺排毒颗粒,tcm-0004,6238
清肺排毒颗粒,tcm-0004,254048
清肺排毒颗粒,tcm-0004,4193
清肺排毒颗粒,tcm-0004,4199
清肺排毒颗粒,tcm-0004,79982
清肺排毒颗粒,tcm-0004,84079
清肺排毒颗粒,tcm-0004,6256
清肺排毒颗粒,tcm-0004,129138
清肺排毒颗粒,tcm-0004,6261
清肺排毒颗粒,tcm-0004,135293
清肺排毒颗粒,tcm-0004,79998
清肺排毒颗粒,tcm-0004,125
清肺排毒颗粒,tcm-0004,6275
清肺排毒颗粒,tcm-0004,8324
清肺排毒颗粒,tcm-0004,8325
清肺排毒颗粒,tcm-0004,134
清肺排毒颗粒,tcm-0004,51337
清肺排毒颗粒,tcm-0004,4233
清肺排毒颗粒,tcm-0004,142
清肺排毒颗粒,tcm-0004,729230
清肺排毒颗粒,tcm-0004,8334
清肺排毒颗粒,tcm-0004,2194
清肺排毒颗粒,tcm-0004,148
清肺排毒颗粒,tcm-0004,118932
清肺排毒颗粒,tcm-0004,150
清肺排毒颗粒,tcm-0004,152
清肺排毒颗粒,tcm-0004,153
清肺排毒颗粒,tcm-0004,154
清肺排毒颗粒,tcm-0004,155
清肺排毒颗粒,tcm-0004,57498
清肺排毒颗粒,tcm-0004,2206
清肺排毒颗粒,tcm-0004,2208
清肺排毒颗粒,tcm-0004,4257
清肺排毒颗粒,tcm-0004,2213
清肺排毒颗粒,tcm-0004,6310
清肺排毒颗粒,tcm-0004,8359
清肺排毒颗粒,tcm-0004,57513
清肺排毒颗粒,tcm-0004,57515
清肺排毒颗粒,tcm-0004,57524
清肺排毒颗粒,tcm-0004,110773
清肺排毒颗粒,tcm-0004,10422
清肺排毒颗粒,tcm-0004,186
清肺排毒颗粒,tcm-0004,6331
清肺排毒颗粒,tcm-0004,57531
清肺排毒颗粒,tcm-0004,187
清肺排毒颗粒,tcm-0004,57534
清肺排毒颗粒,tcm-0004,2237
清肺排毒颗粒,tcm-0004,440515
清肺排毒颗粒,tcm-0004,196
清肺排毒颗粒,tcm-0004,6342
清肺排毒颗粒,tcm-0004,112840
清肺排毒颗粒,tcm-0004,96459
清肺排毒颗粒,tcm-0004,6348
清肺排毒颗粒,tcm-0004,8398
清肺排毒颗粒,tcm-0004,207
清肺排毒颗粒,tcm-0004,57551
清肺排毒颗粒,tcm-0004,10449
清肺排毒颗粒,tcm-0004,4306
清肺排毒颗粒,tcm-0004,10451
清肺排毒颗粒,tcm-0004,110804
清肺排毒颗粒,tcm-0004,210
清肺排毒颗粒,tcm-0004,214
清肺排毒颗粒,tcm-0004,4312
清肺排毒颗粒,tcm-0004,102641880
清肺排毒颗粒,tcm-0004,4314
清肺排毒颗粒,tcm-0004,6363
清肺排毒颗粒,tcm-0004,159963
清肺排毒颗粒,tcm-0004,4318
清肺排毒颗粒,tcm-0004,4319
清肺排毒颗粒,tcm-0004,10465
清肺排毒颗粒,tcm-0004,110819
清肺排毒颗粒,tcm-0004,6373
清肺排毒颗粒,tcm-0004,55526
清肺排毒颗粒,tcm-0004,231
清肺排毒颗粒,tcm-0004,55527
清肺排毒颗粒,tcm-0004,200933
清肺排毒颗粒,tcm-0004,240
清肺排毒颗粒,tcm-0004,6387
清肺排毒颗粒,tcm-0004,6390
清肺排毒颗粒,tcm-0004,10486
清肺排毒颗粒,tcm-0004,248
清肺排毒颗粒,tcm-0004,10491
清肺排毒颗粒,tcm-0004,8445
清肺排毒颗粒,tcm-0004,10495
清肺排毒颗粒,tcm-0004,51455
清肺排毒颗粒,tcm-0004,6401
清肺排毒颗粒,tcm-0004,4361
清肺排毒颗粒,tcm-0004,6414
清肺排毒颗粒,tcm-0004,8464
清肺排毒颗粒,tcm-0004,51477
清肺排毒颗粒,tcm-0004,279
清肺排毒颗粒,tcm-0004,51479
清肺排毒颗粒,tcm-0004,80155
清肺排毒颗粒,tcm-0004,6428
清肺排毒颗粒,tcm-0004,285
清肺排毒颗粒,tcm-0004,286
清肺排毒颗粒,tcm-0004,287
清肺排毒颗粒,tcm-0004,288
清肺排毒颗粒,tcm-0004,6430
清肺排毒颗粒,tcm-0004,10527
清肺排毒颗粒,tcm-0004,2339
清肺排毒颗粒,tcm-0004,8484
清肺排毒颗粒,tcm-0004,6439
清肺排毒颗粒,tcm-0004,10537
清肺排毒颗粒,tcm-0004,8496
清肺排毒颗粒,tcm-0004,2353
清肺排毒颗粒,tcm-0004,2354
清肺排毒颗粒,tcm-0004,2355
清肺排毒颗粒,tcm-0004,2357
清肺排毒颗粒,tcm-0004,55608
清肺排毒颗粒,tcm-0004,317754
清肺排毒颗粒,tcm-0004,102238523
清肺排毒颗粒,tcm-0004,57661
清肺排毒颗粒,tcm-0004,317
清肺排毒颗粒,tcm-0004,22852
清肺排毒颗粒,tcm-0004,51526
清肺排毒颗粒,tcm-0004,108167498
清肺排毒颗粒,tcm-0004,331
清肺排毒颗粒,tcm-0004,332
清肺排毒颗粒,tcm-0004,4437
清肺排毒颗粒,tcm-0004,22872
清肺排毒颗粒,tcm-0004,22881
清肺排毒颗粒,tcm-0004,10598
清肺排毒颗粒,tcm-0004,10599
清肺排毒颗粒,tcm-0004,22889
清肺排毒颗粒,tcm-0004,10606
清肺排毒颗粒,tcm-0004,367
清肺排毒颗粒,tcm-0004,6513
清肺排毒颗粒,tcm-0004,6514
清肺排毒颗粒,tcm-0004,6515
清肺排毒颗粒,tcm-0004,6517
清肺排毒颗粒,tcm-0004,8570
清肺排毒颗粒,tcm-0004,121214
清肺排毒颗粒,tcm-0004,8575
清肺排毒颗粒,tcm-0004,6528
清肺排毒颗粒,tcm-0004,6530
清肺排毒颗粒,tcm-0004,6531
清肺排毒颗粒,tcm-0004,6532
清肺排毒颗粒,tcm-0004,92565
清肺排毒颗粒,tcm-0004,4502
清肺排毒颗粒,tcm-0004,27030
清肺排毒颗粒,tcm-0004,27032
清肺排毒颗粒,tcm-0004,22941
清肺排毒颗粒,tcm-0004,10653
清肺排毒颗粒,tcm-0004,57763
清肺排毒颗粒,tcm-0004,6566
清肺排毒颗粒,tcm-0004,10663
清肺排毒颗粒,tcm-0004,100131244
清肺排毒颗粒,tcm-0004,6573
清肺排毒颗粒,tcm-0004,92591
清肺排毒颗粒,tcm-0004,55728
清肺排毒颗粒,tcm-0004,8625
清肺排毒颗粒,tcm-0004,8626
清肺排毒颗粒,tcm-0004,6580
清肺排毒颗粒,tcm-0004,63926
清肺排毒颗粒,tcm-0004,27063
清肺排毒颗粒,tcm-0004,6584
清肺排毒颗粒,tcm-0004,10682
清肺排毒颗粒,tcm-0004,80315
清肺排毒颗粒,tcm-0004,4544
清肺排毒颗粒,tcm-0004,8644
清肺排毒颗粒,tcm-0004,80325
清肺排毒颗粒,tcm-0004,29126
清肺排毒颗粒,tcm-0004,55749
清肺排毒颗粒,tcm-0004,8648
清肺排毒颗粒,tcm-0004,375248
清肺排毒颗粒,tcm-0004,51665
清肺排毒颗粒,tcm-0004,8658
清肺排毒颗粒,tcm-0004,51666
清肺排毒颗粒,tcm-0004,467
清肺排毒颗粒,tcm-0004,653781
清肺排毒颗粒,tcm-0004,2512
清肺排毒颗粒,tcm-0004,8662
清肺排毒颗粒,tcm-0004,319954
清肺排毒颗粒,tcm-0004,123355
清肺排毒颗粒,tcm-0004,51676
清肺排毒颗粒,tcm-0004,8668
清肺排毒颗粒,tcm-0004,476
清肺排毒颗粒,tcm-0004,80351
清肺排毒颗粒,tcm-0004,477
清肺排毒颗粒,tcm-0004,478
清肺排毒颗粒,tcm-0004,8674
清肺排毒颗粒,tcm-0004,479
清肺排毒颗粒,tcm-0004,480
清肺排毒颗粒,tcm-0004,23013
清肺排毒颗粒,tcm-0004,4582
清肺排毒颗粒,tcm-0004,487
清肺排毒颗粒,tcm-0004,488
清肺排毒颗粒,tcm-0004,489
清肺排毒颗粒,tcm-0004,51690
清肺排毒颗粒,tcm-0004,2539
清肺排毒颗粒,tcm-0004,2538
清肺排毒颗粒,tcm-0004,495
清肺排毒颗粒,tcm-0004,133619
清肺排毒颗粒,tcm-0004,285172
清肺排毒颗粒,tcm-0004,4595
清肺排毒颗粒,tcm-0004,2550
清肺排毒颗粒,tcm-0004,6647
清肺排毒颗粒,tcm-0004,2553
清肺排毒颗粒,tcm-0004,27130
清肺排毒颗粒,tcm-0004,4602
清肺排毒颗粒,tcm-0004,117247
清肺排毒颗粒,tcm-0004,4609
清肺排毒颗粒,tcm-0004,10755
清肺排毒颗粒,tcm-0004,4613
清肺排毒颗粒,tcm-0004,518
清肺排毒颗粒,tcm-0004,4628
清肺排毒颗粒,tcm-0004,203286
清肺排毒颗粒,tcm-0004,27161
清肺排毒颗粒,tcm-0004,2587
清肺排毒颗粒,tcm-0004,162333
清肺排毒颗粒,tcm-0004,2596
清肺排毒颗粒,tcm-0004,2597
清肺排毒颗粒,tcm-0004,6696
清肺排毒颗粒,tcm-0004,55848
清肺排毒颗粒,tcm-0004,4659
清肺排毒颗粒,tcm-0004,10803
清肺排毒颗粒,tcm-0004,10808
清肺排毒颗粒,tcm-0004,8761
清肺排毒颗粒,tcm-0004,23097
清肺排毒颗粒,tcm-0004,84539
清肺排毒颗粒,tcm-0004,572
清肺排毒颗粒,tcm-0004,2623
清肺排毒颗粒,tcm-0004,6720
清肺排毒颗粒,tcm-0004,2624
清肺排毒颗粒,tcm-0004,2625
清肺排毒颗粒,tcm-0004,115489344
清肺排毒颗粒,tcm-0004,2628
清肺排毒颗粒,tcm-0004,581
清肺排毒颗粒,tcm-0004,580
清肺排毒颗粒,tcm-0004,6721
清肺排毒颗粒,tcm-0004,4683
清肺排毒颗粒,tcm-0004,590
清肺排毒颗粒,tcm-0004,2641
清肺排毒颗粒,tcm-0004,595
清肺排毒颗粒,tcm-0004,596
清肺排毒颗粒,tcm-0004,4694
清肺排毒颗粒,tcm-0004,4695
清肺排毒颗粒,tcm-0004,598
清肺排毒颗粒,tcm-0004,602
清肺排毒颗粒,tcm-0004,51805
清肺排毒颗粒,tcm-0004,8797
清肺排毒颗粒,tcm-0004,6751
清肺排毒颗粒,tcm-0004,6752
清肺排毒颗粒,tcm-0004,6754
清肺排毒颗粒,tcm-0004,6755
清肺排毒颗粒,tcm-0004,8804
清肺排毒颗粒,tcm-0004,4709
清肺排毒颗粒,tcm-0004,8811
清肺排毒颗粒,tcm-0004,8812
清肺排毒颗粒,tcm-0004,623
清肺排毒颗粒,tcm-0004,10864
清肺排毒颗粒,tcm-0004,6772
清肺排毒颗粒,tcm-0004,637
清肺排毒颗粒,tcm-0004,6783
清肺排毒颗粒,tcm-0004,8837
清肺排毒颗粒,tcm-0004,221830
清肺排毒颗粒,tcm-0004,650
清肺排毒颗粒,tcm-0004,654
清肺排毒颗粒,tcm-0004,100049555
清肺排毒颗粒,tcm-0004,23189
清肺排毒颗粒,tcm-0004,111253
清肺排毒颗粒,tcm-0004,663
清肺排毒颗粒,tcm-0004,6811
清肺排毒颗粒,tcm-0004,2720
清肺排毒颗粒,tcm-0004,23200
清肺排毒颗粒,tcm-0004,10912
清肺排毒颗粒,tcm-0004,4772
清肺排毒颗粒,tcm-0004,4773
清肺排毒颗粒,tcm-0004,10919
清肺排毒颗粒,tcm-0004,2729
清肺排毒颗粒,tcm-0004,4778
清肺排毒颗粒,tcm-0004,2730
清肺排毒颗粒,tcm-0004,10923
清肺排毒颗粒,tcm-0004,23209
清肺排毒颗粒,tcm-0004,8878
清肺排毒颗粒,tcm-0004,2734
清肺排毒颗粒,tcm-0004,8884
清肺排毒颗粒,tcm-0004,4790
清肺排毒颗粒,tcm-0004,4791
清肺排毒颗粒,tcm-0004,4792
清肺排毒颗粒,tcm-0004,4793
清肺排毒颗粒,tcm-0004,4794
清肺排毒颗粒,tcm-0004,53944
清肺排毒颗粒,tcm-0004,4796
清肺排毒颗粒,tcm-0004,699
清肺排毒颗粒,tcm-0004,10951
清肺排毒颗粒,tcm-0004,23243
清肺排毒颗粒,tcm-0004,162514
清肺排毒颗粒,tcm-0004,23253
清肺排毒颗粒,tcm-0004,728
清肺排毒颗粒,tcm-0004,84706
清肺排毒颗粒,tcm-0004,23268
清肺排毒颗粒,tcm-0004,4843
清肺排毒颗粒,tcm-0004,283373
清肺排毒颗粒,tcm-0004,4846
清肺排毒颗粒,tcm-0004,64240
清肺排毒颗粒,tcm-0004,64241
清肺排毒颗粒,tcm-0004,4851
清肺排毒颗粒,tcm-0004,100043508
清肺排毒颗粒,tcm-0004,2805
清肺排毒颗粒,tcm-0004,4853
清肺排毒颗粒,tcm-0004,759
清肺排毒颗粒,tcm-0004,4854
清肺排毒颗粒,tcm-0004,4855
清肺排毒颗粒,tcm-0004,100526835
清肺排毒颗粒,tcm-0004,2804
清肺排毒颗粒,tcm-0004,760
清肺排毒颗粒,tcm-0004,23294
清肺排毒颗粒,tcm-0004,2822
清肺排毒颗粒,tcm-0004,774
清肺排毒颗粒,tcm-0004,776
清肺排毒颗粒,tcm-0004,338699
清肺排毒颗粒,tcm-0004,8972
清肺排毒颗粒,tcm-0004,2831
清肺排毒颗粒,tcm-0004,2832
清肺排毒颗粒,tcm-0004,102636309
清肺排毒颗粒,tcm-0004,4886
清肺排毒颗粒,tcm-0004,4887
清肺排毒颗粒,tcm-0004,4889
清肺排毒颗粒,tcm-0004,2841
清肺排毒颗粒,tcm-0004,2844
清肺排毒颗粒,tcm-0004,8989
清肺排毒颗粒,tcm-0004,2847
清肺排毒颗粒,tcm-0004,808
清肺排毒颗粒,tcm-0004,4915
清肺排毒颗粒,tcm-0004,11065
清肺排毒颗粒,tcm-0004,56122
清肺排毒颗粒,tcm-0004,2875
清肺排毒颗粒,tcm-0004,4925
清肺排毒颗粒,tcm-0004,283455
清肺排毒颗粒,tcm-0004,283459
清肺排毒颗粒,tcm-0004,836
清肺排毒颗粒,tcm-0004,84807
清肺排毒颗粒,tcm-0004,11080
清肺排毒颗粒,tcm-0004,841
清肺排毒颗粒,tcm-0004,2890
清肺排毒颗粒,tcm-0004,2891
清肺排毒颗粒,tcm-0004,64332
清肺排毒颗粒,tcm-0004,842
清肺排毒颗粒,tcm-0004,100416331
清肺排毒颗粒,tcm-0004,847
清肺排毒颗粒,tcm-0004,23376
清肺排毒颗粒,tcm-0004,11082
清肺排毒颗粒,tcm-0004,9043
清肺排毒颗粒,tcm-0004,219988
清肺排毒颗粒,tcm-0004,54101
清肺排毒颗粒,tcm-0004,2902
清肺排毒颗粒,tcm-0004,100504412
清肺排毒颗粒,tcm-0004,2908
清肺排毒颗粒,tcm-0004,862
清肺排毒颗粒,tcm-0004,84830
清肺排毒颗粒,tcm-0004,23390
清肺排毒颗粒,tcm-0004,84833
清肺排毒颗粒,tcm-0004,2919
清肺排毒颗粒,tcm-0004,2920
清肺排毒颗粒,tcm-0004,4968
清肺排毒颗粒,tcm-0004,2932
清肺排毒颗粒,tcm-0004,222068
清肺排毒颗粒,tcm-0004,2936
清肺排毒颗粒,tcm-0004,4986
清肺排毒颗粒,tcm-0004,891
清肺排毒颗粒,tcm-0004,4987
清肺排毒颗粒,tcm-0004,7035
清肺排毒颗粒,tcm-0004,11130
清肺排毒颗粒,tcm-0004,890
清肺排毒颗粒,tcm-0004,7040
清肺排毒颗粒,tcm-0004,894
清肺排毒颗粒,tcm-0004,2946
清肺排毒颗粒,tcm-0004,2944
清肺排毒颗粒,tcm-0004,2950
清肺排毒颗粒,tcm-0004,11144
清肺排毒颗粒,tcm-0004,2966
清肺排毒颗粒,tcm-0004,11161
清肺排毒颗粒,tcm-0004,5018
清肺排毒颗粒,tcm-0004,9120
清肺排毒颗粒,tcm-0004,84899
清肺排毒颗粒,tcm-0004,100287399
清肺排毒颗粒,tcm-0004,102638504
清肺排毒颗粒,tcm-0004,942
清肺排毒颗粒,tcm-0004,108168111
清肺排毒颗粒,tcm-0004,9136
清肺排毒颗粒,tcm-0004,728411
清肺排毒颗粒,tcm-0004,948
清肺排毒颗粒,tcm-0004,256949
清肺排毒颗粒,tcm-0004,102800311
清肺排毒颗粒,tcm-0004,7516
清肺排毒颗粒,tcm-0004,127933
清肺排毒颗粒,tcm-0004,5054
清肺排毒颗粒,tcm-0004,959
清肺排毒颗粒,tcm-0004,11200
清肺排毒颗粒,tcm-0004,958
清肺排毒颗粒,tcm-0004,91074
清肺排毒颗粒,tcm-0004,7108
清肺排毒颗粒,tcm-0004,5066
清肺排毒颗粒,tcm-0004,9166
清肺排毒颗粒,tcm-0004,170961
清肺排毒颗粒,tcm-0004,9170
清肺排毒颗粒,tcm-0004,9169
清肺排毒颗粒,tcm-0004,7124
清肺排毒颗粒,tcm-0004,11221
清肺排毒颗粒,tcm-0004,160728
清肺排毒颗粒,tcm-0004,100113371
清肺排毒颗粒,tcm-0004,130013
清肺排毒颗粒,tcm-0004,115677
清肺排毒颗粒,tcm-0004,3037
清肺排毒颗粒,tcm-0004,993
清肺排毒颗粒,tcm-0004,994
清肺排毒颗粒,tcm-0004,23524
清肺排毒颗粒,tcm-0004,5094
清肺排毒颗粒,tcm-0004,7153
清肺排毒颗粒,tcm-0004,7157
清肺排毒颗粒,tcm-0004,23542
清肺排毒颗粒,tcm-0004,56311
清肺排毒颗粒,tcm-0004,11255
清肺排毒颗粒,tcm-0004,1017
清肺排毒颗粒,tcm-0004,3064
清肺排毒颗粒,tcm-0004,1019
清肺排毒颗粒,tcm-0004,84988
清肺排毒颗粒,tcm-0004,7165
清肺排毒颗粒,tcm-0004,1021
清肺排毒颗粒,tcm-0004,5111
清肺排毒颗粒,tcm-0004,1022
清肺排毒颗粒,tcm-0004,1026
清肺排毒颗粒,tcm-0004,1027
清肺排毒颗粒,tcm-0004,1029
清肺排毒颗粒,tcm-0004,1030
清肺排毒颗粒,tcm-0004,1031
清肺排毒颗粒,tcm-0004,1032
清肺排毒颗粒,tcm-0004,7175
清肺排毒颗粒,tcm-0004,5130
清肺排毒颗粒,tcm-0004,7178
清肺排毒颗粒,tcm-0004,23559
清肺排毒颗粒,tcm-0004,23566
清肺排毒颗粒,tcm-0004,132112
清肺排毒颗粒,tcm-0004,3091
清肺排毒颗粒,tcm-0004,3098
清肺排毒颗粒,tcm-0004,222236
清肺排毒颗粒,tcm-0004,441376
清肺排毒颗粒,tcm-0004,353322
清肺排毒颗粒,tcm-0004,5173
清肺排毒颗粒,tcm-0004,5175
清肺排毒颗粒,tcm-0004,384059
清肺排毒颗粒,tcm-0004,9276
清肺排毒颗粒,tcm-0004,60482
清肺排毒颗粒,tcm-0004,3145
清肺排毒颗粒,tcm-0004,9290
清肺排毒颗粒,tcm-0004,3156
清肺排毒颗粒,tcm-0004,1108
清肺排毒颗粒,tcm-0004,441430
清肺排毒颗粒,tcm-0004,3157
清肺排毒颗粒,tcm-0004,3162
清肺排毒颗粒,tcm-0004,23649
清肺排毒颗粒,tcm-0004,7267
清肺排毒颗粒,tcm-0004,3172
清肺排毒颗粒,tcm-0004,1128
清肺排毒颗粒,tcm-0004,5226
清肺排毒颗粒,tcm-0004,3185
清肺排毒颗粒,tcm-0004,441459
清肺排毒颗粒,tcm-0004,5236
清肺排毒颗粒,tcm-0004,23671
清肺排毒颗粒,tcm-0004,58488
清肺排毒颗粒,tcm-0004,5241
清肺排毒颗粒,tcm-0004,5243
清肺排毒颗粒,tcm-0004,5245
清肺排毒颗粒,tcm-0004,7296
清肺排毒颗粒,tcm-0004,7299
清肺排毒颗粒,tcm-0004,441478
清肺排毒颗粒,tcm-0004,1164
清肺排毒颗粒,tcm-0004,445582
清肺排毒颗粒,tcm-0004,9361
清肺排毒颗粒,tcm-0004,58517
清肺排毒颗粒,tcm-0004,29855
清肺排毒颗粒,tcm-0004,58527
清肺排毒颗粒,tcm-0004,9377
清肺排毒颗粒,tcm-0004,283807
清肺排毒颗粒,tcm-0004,140456
清肺排毒颗粒,tcm-0004,1192
清肺排毒颗粒,tcm-0004,140458
清肺排毒颗粒,tcm-0004,140459
清肺排毒颗粒,tcm-0004,140460
清肺排毒颗粒,tcm-0004,140461
清肺排毒颗粒,tcm-0004,140462
清肺排毒颗粒,tcm-0004,136371
清肺排毒颗粒,tcm-0004,54454
清肺排毒颗粒,tcm-0004,5305
清肺排毒颗粒,tcm-0004,7358
清肺排毒颗粒,tcm-0004,5313
清肺排毒颗粒,tcm-0004,1230
清肺排毒颗粒,tcm-0004,1232
清肺排毒颗粒,tcm-0004,1233
清肺排毒颗粒,tcm-0004,1234
清肺排毒颗粒,tcm-0004,54482
清肺排毒颗粒,tcm-0004,1236
清肺排毒颗粒,tcm-0004,5328
清肺排毒颗粒,tcm-0004,3291
清肺排毒颗粒,tcm-0004,283871
清肺排毒颗粒,tcm-0004,79073
清肺排毒颗粒,tcm-0004,3301
清肺排毒颗粒,tcm-0004,100287718
清肺排毒颗粒,tcm-0004,54503
清肺排毒颗粒,tcm-0004,23784
清肺排毒颗粒,tcm-0004,3304
清肺排毒颗粒,tcm-0004,3303
清肺排毒颗粒,tcm-0004,100996331
清肺排毒颗粒,tcm-0004,3305
清肺排毒颗粒,tcm-0004,5349
清肺排毒颗粒,tcm-0004,3310
清肺排毒颗粒,tcm-0004,29927
清肺排毒颗粒,tcm-0004,54512
清肺排毒颗粒,tcm-0004,3309
清肺排毒颗粒,tcm-0004,554226
清肺排毒颗粒,tcm-0004,7412
清肺排毒颗粒,tcm-0004,1268
清肺排毒颗粒,tcm-0004,1269
清肺排毒颗粒,tcm-0004,1270
清肺排毒颗粒,tcm-0004,85236
清肺排毒颗粒,tcm-0004,54522
清肺排毒颗粒,tcm-0004,9468
清肺排毒颗粒,tcm-0004,1277
清肺排毒颗粒,tcm-0004,7422
清肺排毒颗粒,tcm-0004,9474
清肺排毒颗粒,tcm-0004,1284
清肺排毒颗粒,tcm-0004,148741
清肺排毒颗粒,tcm-0004,255239
清肺排毒颗粒,tcm-0004,3336
清肺排毒颗粒,tcm-0004,546055
清肺排毒颗粒,tcm-0004,1294
清肺排毒颗粒,tcm-0004,7442
清肺排毒颗粒,tcm-0004,5395
清肺排毒颗粒,tcm-0004,9493
清肺排毒颗粒,tcm-0004,3350
清肺排毒颗粒,tcm-0004,3351
清肺排毒颗粒,tcm-0004,54552
清肺排毒颗粒,tcm-0004,339221
清肺排毒颗粒,tcm-0004,3354
清肺排毒颗粒,tcm-0004,3355
清肺排毒颗粒,tcm-0004,7453
清肺排毒颗粒,tcm-0004,54557
清肺排毒颗粒,tcm-0004,3361
清肺排毒颗粒,tcm-0004,29985
清肺排毒颗粒,tcm-0004,3364
清肺排毒颗粒,tcm-0004,7465
清肺排毒颗粒,tcm-0004,9516
清肺排毒颗粒,tcm-0004,9517
清肺排毒颗粒,tcm-0004,9518
清肺排毒颗粒,tcm-0004,5424
清肺排毒颗粒,tcm-0004,79152
清肺排毒颗粒,tcm-0004,5429
清肺排毒颗粒,tcm-0004,3383
清肺排毒颗粒,tcm-0004,5444
清肺排毒颗粒,tcm-0004,5447
清肺排毒颗粒,tcm-0004,1352
清肺排毒颗粒,tcm-0004,7498
清肺排毒颗粒,tcm-0004,50506
清肺排毒颗粒,tcm-0004,50508
清肺排毒颗粒,tcm-0004,9551
清肺排毒颗粒,tcm-0004,5457
清肺排毒颗粒,tcm-0004,9556
清肺排毒颗粒,tcm-0004,5465
清肺排毒颗粒,tcm-0004,5467
清肺排毒颗粒,tcm-0004,5468
清肺排毒颗粒,tcm-0004,142685
清肺排毒颗粒,tcm-0004,142686
清肺排毒颗粒,tcm-0004,546143
清肺排毒颗粒,tcm-0004,7515
清肺排毒颗粒,tcm-0004,5473
清肺排毒颗粒,tcm-0004,142689
清肺排毒颗粒,tcm-0004,7520
清肺排毒颗粒,tcm-0004,54623
清肺排毒颗粒,tcm-0004,25957
清肺排毒颗粒,tcm-0004,1386
清肺排毒颗粒,tcm-0004,1390
清肺排毒颗粒,tcm-0004,388468
清肺排毒颗粒,tcm-0004,85365
清肺排毒颗粒,tcm-0004,5500
清肺排毒颗粒,tcm-0004,3458
清肺排毒颗粒,tcm-0004,7555
清肺排毒颗粒,tcm-0004,91526
清肺排毒颗粒,tcm-0004,54664
清肺排毒颗粒,tcm-0004,3481
清肺排毒颗粒,tcm-0004,5530
清肺排毒颗粒,tcm-0004,9627
清肺排毒颗粒,tcm-0004,3488
清肺排毒颗粒,tcm-0004,3490
清肺排毒颗粒,tcm-0004,9643
清肺排毒颗粒,tcm-0004,3500
清肺排毒颗粒,tcm-0004,1452
清肺排毒颗粒,tcm-0004,26036
清肺排毒颗粒,tcm-0004,3508
清肺排毒颗粒,tcm-0004,400823
清肺排毒颗粒,tcm-0004,93624
清肺排毒颗粒,tcm-0004,50618
清肺排毒颗粒,tcm-0004,140731
清肺排毒颗粒,tcm-0004,26046
清肺排毒颗粒,tcm-0004,26049
清肺排毒颗粒,tcm-0004,26051
清肺排毒颗粒,tcm-0004,1476
清肺排毒颗粒,tcm-0004,26057
清肺排毒颗粒,tcm-0004,5578
清肺排毒颗粒,tcm-0004,5579
清肺排毒颗粒,tcm-0004,339403
清肺排毒颗粒,tcm-0004,26064
清肺排毒颗粒,tcm-0004,54737
清肺排毒颗粒,tcm-0004,93650
清肺排毒颗粒,tcm-0004,1491
清肺排毒颗粒,tcm-0004,85461
清肺排毒颗粒,tcm-0004,1495
清肺排毒颗粒,tcm-0004,5594
清肺排毒颗粒,tcm-0004,5595
清肺排毒颗粒,tcm-0004,3552
清肺排毒颗粒,tcm-0004,5601
清肺排毒颗粒,tcm-0004,3553
清肺排毒颗粒,tcm-0004,493027
清肺排毒颗粒,tcm-0004,1509
清肺排毒颗粒,tcm-0004,3558
清肺排毒颗粒,tcm-0004,5605
清肺排毒颗粒,tcm-0004,1514
清肺排毒颗粒,tcm-0004,5611
清肺排毒颗粒,tcm-0004,3565
清肺排毒颗粒,tcm-0004,3567
清肺排毒颗粒,tcm-0004,1520
清肺排毒颗粒,tcm-0004,3569
清肺排毒颗粒,tcm-0004,124401
清肺排毒颗粒,tcm-0004,5617
清肺排毒颗粒,tcm-0004,5621
清肺排毒颗粒,tcm-0004,3575
清肺排毒颗粒,tcm-0004,54776
清肺排毒颗粒,tcm-0004,3576
清肺排毒颗粒,tcm-0004,5631
清肺排毒颗粒,tcm-0004,3586
清肺排毒颗粒,tcm-0004,26115
清肺排毒颗粒,tcm-0004,1543
清肺排毒颗粒,tcm-0004,1544
清肺排毒颗粒,tcm-0004,3593
清肺排毒颗粒,tcm-0004,1545
清肺排毒颗粒,tcm-0004,140809
清肺排毒颗粒,tcm-0004,5644
清肺排毒颗粒,tcm-0004,441869
清肺排毒颗粒,tcm-0004,3595
清肺排毒颗粒,tcm-0004,151056
清肺排毒颗粒,tcm-0004,56849
清肺排毒颗粒,tcm-0004,3603
清肺排毒颗粒,tcm-0004,1555
清肺排毒颗粒,tcm-0004,3606
清肺排毒颗粒,tcm-0004,26136
清肺排毒颗粒,tcm-0004,3611
清肺排毒颗粒,tcm-0004,7709
清肺排毒颗粒,tcm-0004,9761
清肺排毒颗粒,tcm-0004,1571
清肺排毒颗粒,tcm-0004,7716
清肺排毒颗粒,tcm-0004,1576
清肺排毒颗粒,tcm-0004,3627
清肺排毒颗粒,tcm-0004,3630
清肺排毒颗粒,tcm-0004,9774
清肺排毒颗粒,tcm-0004,122416
清肺排毒颗粒,tcm-0004,5683
清肺排毒颗粒,tcm-0004,100036147
清肺排毒颗粒,tcm-0004,1588
清肺排毒颗粒,tcm-0004,56888
清肺排毒颗粒,tcm-0004,63035
清肺排毒颗粒,tcm-0004,9787
清肺排毒颗粒,tcm-0004,3643
清肺排毒颗粒,tcm-0004,54851
清肺排毒颗粒,tcm-0004,56899
清肺排毒颗粒,tcm-0004,3655
清肺排毒颗粒,tcm-0004,5709
清肺排毒颗粒,tcm-0004,24144
清肺排毒颗粒,tcm-0004,5716
清肺排毒颗粒,tcm-0004,83540
清肺排毒颗粒,tcm-0004,400986
清肺排毒颗粒,tcm-0004,56923
清肺排毒颗粒,tcm-0004,83548
清肺排毒颗粒,tcm-0004,257629
清肺排毒颗粒,tcm-0004,26205
清肺排毒颗粒,tcm-0004,56929
清肺排毒颗粒,tcm-0004,54882
清肺排毒颗粒,tcm-0004,65124
清肺排毒颗粒,tcm-0004,5733
清肺排毒颗粒,tcm-0004,56938
清肺排毒颗粒,tcm-0004,1642
清肺排毒颗粒,tcm-0004,3692
清肺排毒颗粒,tcm-0004,1645
清肺排毒颗粒,tcm-0004,5742
清肺排毒颗粒,tcm-0004,5743
清肺排毒颗粒,tcm-0004,54891
清肺排毒颗粒,tcm-0004,1649
清肺排毒颗粒,tcm-0004,3706
清肺排毒颗粒,tcm-0004,1665
清肺排毒颗粒,tcm-0004,3717
清肺排毒颗粒,tcm-0004,153222
清肺排毒颗粒,tcm-0004,401036
清肺排毒颗粒,tcm-0004,3725
清肺排毒颗粒,tcm-0004,3727
清肺排毒颗粒,tcm-0004,100996758
清肺排毒颗粒,tcm-0004,100036249
清肺排毒颗粒,tcm-0004,56987
清肺排毒颗粒,tcm-0004,5791
清肺排毒颗粒,tcm-0004,50848
清肺排毒颗粒,tcm-0004,126626
清肺排毒颗粒,tcm-0004,50856
清肺排毒颗粒,tcm-0004,7850
清肺排毒颗粒,tcm-0004,728747
清肺排毒颗粒,tcm-0004,7852
清肺排毒颗粒,tcm-0004,3757
清肺排毒颗粒,tcm-0004,100329135
清肺排毒颗粒,tcm-0004,26287
清肺排毒颗粒,tcm-0004,57007
清肺排毒颗粒,tcm-0004,7855
清肺排毒颗粒,tcm-0004,1717
清肺排毒颗粒,tcm-0004,9910
清肺排毒颗粒,tcm-0004,57016
清肺排毒颗粒,tcm-0004,9914
清肺排毒颗粒,tcm-0004,54971
清肺排毒颗粒,tcm-0004,9919
清肺排毒颗粒,tcm-0004,1728
清肺排毒颗粒,tcm-0004,284353
清肺排毒颗粒,tcm-0004,9921
清肺排毒颗粒,tcm-0004,1733
清肺排毒颗粒,tcm-0004,1736
清肺排毒颗粒,tcm-0004,81609
清肺排毒颗粒,tcm-0004,286410
清肺排毒颗粒,tcm-0004,728780
清肺排毒颗粒,tcm-0004,3791
清肺排毒颗粒,tcm-0004,253650
清肺排毒颗粒,tcm-0004,100036315
清肺排毒颗粒,tcm-0004,1757
清肺排毒颗粒,tcm-0004,9960
清肺排毒颗粒,tcm-0004,3818
清肺排毒颗粒,tcm-0004,5868
清肺排毒颗粒,tcm-0004,107075310
清肺排毒颗粒,tcm-0004,9970
清肺排毒颗粒,tcm-0004,9975
清肺排毒颗粒,tcm-0004,102633210
清肺排毒颗粒,tcm-0004,9978
清肺排毒颗粒,tcm-0004,5883
清肺排毒颗粒,tcm-0004,50944
清肺排毒颗粒,tcm-0004,220929
清肺排毒颗粒,tcm-0004,5890
清肺排毒颗粒,tcm-0004,83715
清肺排毒颗粒,tcm-0004,115486470
清肺排毒颗粒,tcm-0004,5894
清肺排毒颗粒,tcm-0004,5902
清肺排毒颗粒,tcm-0004,112401
清肺排毒颗粒,tcm-0004,5905
清肺排毒颗粒,tcm-0004,110357
清肺排毒颗粒,tcm-0004,1815
清肺排毒颗粒,tcm-0004,7965
清肺排毒颗粒,tcm-0004,136991
清肺排毒颗粒,tcm-0004,55075
清肺排毒颗粒,tcm-0004,5924
清肺排毒颗粒,tcm-0004,5925
清肺排毒颗粒,tcm-0004,7975
清肺排毒颗粒,tcm-0004,374569
清肺排毒颗粒,tcm-0004,57130
清肺排毒颗粒,tcm-0004,7980
清肺排毒颗粒,tcm-0004,5936
清肺排毒颗粒,tcm-0004,339768
清肺排毒颗粒,tcm-0004,1848
清肺排毒颗粒,tcm-0004,5948
清肺排毒颗粒,tcm-0004,100310846
清肺排毒颗粒,tcm-0004,100503359
清肺排毒颗粒,tcm-0004,1854
清肺排毒颗粒,tcm-0004,57153
清肺排毒颗粒,tcm-0004,622402
清肺排毒颗粒,tcm-0004,1869
清肺排毒颗粒,tcm-0004,1870
清肺排毒颗粒,tcm-0004,1871
清肺排毒颗粒,tcm-0004,5970
清肺排毒颗粒,tcm-0004,1874
清肺排毒颗粒,tcm-0004,79699
清肺排毒颗粒,tcm-0004,100036440
清肺排毒颗粒,tcm-0004,200539
清肺排毒颗粒,tcm-0004,57182
清肺排毒颗粒,tcm-0004,3938
清肺排毒颗粒,tcm-0004,26471
清肺排毒颗粒,tcm-0004,79722
清肺排毒颗粒,tcm-0004,57194
清肺排毒颗粒,tcm-0004,1902
清肺排毒颗粒,tcm-0004,57198
清肺排毒颗粒,tcm-0004,10101
清肺排毒颗粒,tcm-0004,436085
清肺排毒颗粒,tcm-0004,157567
清肺排毒颗粒,tcm-0004,10116
清肺排毒颗粒,tcm-0004,79754
清肺排毒颗粒,tcm-0004,51083
清肺排毒颗粒,tcm-0004,503692
清肺排毒颗粒,tcm-0004,3981
清肺排毒颗粒,tcm-0004,55186
清肺排毒颗粒,tcm-0004,10131
清肺排毒颗粒,tcm-0004,10135
清肺排毒颗粒,tcm-0004,51095
清肺排毒颗粒,tcm-0004,6041
清肺排毒颗粒,tcm-0004,79768
清肺排毒颗粒,tcm-0004,26523
清肺排毒颗粒,tcm-0004,55197
清肺排毒颗粒,tcm-0004,1956
清肺排毒颗粒,tcm-0004,1958
清肺排毒颗粒,tcm-0004,1964
清肺排毒颗粒,tcm-0004,92086
清肺排毒颗粒,tcm-0004,102639543
清肺排毒颗粒,tcm-0004,4023
清肺排毒颗粒,tcm-0004,51135
清肺排毒颗粒,tcm-0004,79813
清肺排毒颗粒,tcm-0004,163782
清肺排毒颗粒,tcm-0004,92106
清肺排毒颗粒,tcm-0004,59340
清肺排毒颗粒,tcm-0004,59344
清肺排毒颗粒,tcm-0004,94160
清肺排毒颗粒,tcm-0004,653269
清肺排毒颗粒,tcm-0004,79832
清肺排毒颗粒,tcm-0004,51164
清肺排毒颗粒,tcm-0004,83939
清肺排毒颗粒,tcm-0004,4072
清肺排毒颗粒,tcm-0004,100417514
清肺排毒颗粒,tcm-0004,51191
清肺排毒颗粒,tcm-0004,116729
疏风解毒胶囊,tcm-0002,2052
疏风解毒胶囊,tcm-0002,2056
疏风解毒胶囊,tcm-0002,387082
疏风解毒胶囊,tcm-0002,2064
疏风解毒胶囊,tcm-0002,2065
疏风解毒胶囊,tcm-0002,18
疏风解毒胶囊,tcm-0002,55312
疏风解毒胶囊,tcm-0002,31
疏风解毒胶囊,tcm-0002,161823
疏风解毒胶囊,tcm-0002,4129
疏风解毒胶囊,tcm-0002,4128
疏风解毒胶囊,tcm-0002,4133
疏风解毒胶囊,tcm-0002,40
疏风解毒胶囊,tcm-0002,41
疏风解毒胶囊,tcm-0002,43
疏风解毒胶囊,tcm-0002,47
疏风解毒胶囊,tcm-0002,653361
疏风解毒胶囊,tcm-0002,6194
疏风解毒胶囊,tcm-0002,2099
疏风解毒胶囊,tcm-0002,2100
疏风解毒胶囊,tcm-0002,52
疏风解毒胶囊,tcm-0002,54
疏风解毒胶囊,tcm-0002,55
疏风解毒胶囊,tcm-0002,58
疏风解毒胶囊,tcm-0002,59
疏风解毒胶囊,tcm-0002,60
疏风解毒胶囊,tcm-0002,70
疏风解毒胶囊,tcm-0002,8263
疏风解毒胶囊,tcm-0002,71
疏风解毒胶囊,tcm-0002,72
疏风解毒胶囊,tcm-0002,4170
疏风解毒胶囊,tcm-0002,86
疏风解毒胶囊,tcm-0002,10327
疏风解毒胶囊,tcm-0002,51293
疏风解毒胶囊,tcm-0002,4193
疏风解毒胶囊,tcm-0002,6241
疏风解毒胶囊,tcm-0002,100
疏风解毒胶囊,tcm-0002,103
疏风解毒胶囊,tcm-0002,104
疏风解毒胶囊,tcm-0002,105
疏风解毒胶囊,tcm-0002,2152
疏风解毒胶囊,tcm-0002,6256
疏风解毒胶囊,tcm-0002,6257
疏风解毒胶囊,tcm-0002,30835
疏风解毒胶囊,tcm-0002,8313
疏风解毒胶囊,tcm-0002,135293
疏风解毒胶囊,tcm-0002,57469
疏风解毒胶囊,tcm-0002,132
疏风解毒胶囊,tcm-0002,134
疏风解毒胶囊,tcm-0002,51337
疏风解毒胶囊,tcm-0002,142
疏风解毒胶囊,tcm-0002,729230
疏风解毒胶囊,tcm-0002,2194
疏风解毒胶囊,tcm-0002,148
疏风解毒胶囊,tcm-0002,150
疏风解毒胶囊,tcm-0002,152
疏风解毒胶囊,tcm-0002,153
疏风解毒胶囊,tcm-0002,154
疏风解毒胶囊,tcm-0002,155
疏风解毒胶囊,tcm-0002,10396
疏风解毒胶囊,tcm-0002,6303
疏风解毒胶囊,tcm-0002,2208
疏风解毒胶囊,tcm-0002,4257
疏风解毒胶囊,tcm-0002,110773
疏风解毒胶囊,tcm-0002,183
疏风解毒胶囊,tcm-0002,6331
疏风解毒胶囊,tcm-0002,191
疏风解毒胶囊,tcm-0002,6337
疏风解毒胶囊,tcm-0002,6338
疏风解毒胶囊,tcm-0002,6339
疏风解毒胶囊,tcm-0002,6340
疏风解毒胶囊,tcm-0002,196
疏风解毒胶囊,tcm-0002,6342
疏风解毒胶囊,tcm-0002,2247
疏风解毒胶囊,tcm-0002,6347
疏风解毒胶囊,tcm-0002,2252
疏风解毒胶囊,tcm-0002,207
疏风解毒胶囊,tcm-0002,10449
疏风解毒胶囊,tcm-0002,110804
疏风解毒胶囊,tcm-0002,51412
疏风解毒胶囊,tcm-0002,4311
疏风解毒胶囊,tcm-0002,216
疏风解毒胶囊,tcm-0002,217
疏风解毒胶囊,tcm-0002,4312
疏风解毒胶囊,tcm-0002,4313
疏风解毒胶囊,tcm-0002,220
疏风解毒胶囊,tcm-0002,4314
疏风解毒胶囊,tcm-0002,102641880
疏风解毒胶囊,tcm-0002,55515
疏风解毒胶囊,tcm-0002,4318
疏风解毒胶囊,tcm-0002,159963
疏风解毒胶囊,tcm-0002,51422
疏风解毒胶囊,tcm-0002,110819
疏风解毒胶囊,tcm-0002,10468
疏风解毒胶囊,tcm-0002,6372
疏风解毒胶囊,tcm-0002,55526
疏风解毒胶囊,tcm-0002,231
疏风解毒胶囊,tcm-0002,6376
疏风解毒胶囊,tcm-0002,6373
疏风解毒胶囊,tcm-0002,240
疏风解毒胶囊,tcm-0002,6389
疏风解毒胶囊,tcm-0002,6390
疏风解毒胶囊,tcm-0002,248
疏风解毒胶囊,tcm-0002,249
疏风解毒胶囊,tcm-0002,250
疏风解毒胶囊,tcm-0002,251
疏风解毒胶囊,tcm-0002,10495
疏风解毒胶囊,tcm-0002,6401
疏风解毒胶囊,tcm-0002,4353
疏风解毒胶囊,tcm-0002,259
疏风解毒胶囊,tcm-0002,2308
疏风解毒胶囊,tcm-0002,51477
疏风解毒胶囊,tcm-0002,279
疏风解毒胶囊,tcm-0002,285
疏风解毒胶囊,tcm-0002,2335
疏风解毒胶囊,tcm-0002,8490
疏风解毒胶囊,tcm-0002,2348
疏风解毒胶囊,tcm-0002,2350
疏风解毒胶囊,tcm-0002,100133168
疏风解毒胶囊,tcm-0002,2353
疏风解毒胶囊,tcm-0002,6451
疏风解毒胶囊,tcm-0002,2359
疏风解毒胶囊,tcm-0002,108167498
疏风解毒胶囊,tcm-0002,331
疏风解毒胶囊,tcm-0002,332
疏风解毒胶囊,tcm-0002,351
疏风解毒胶囊,tcm-0002,51557
疏风解毒胶囊,tcm-0002,10598
疏风解毒胶囊,tcm-0002,367
疏风解毒胶囊,tcm-0002,6513
疏风解毒胶囊,tcm-0002,6517
疏风解毒胶囊,tcm-0002,375
疏风解毒胶囊,tcm-0002,6528
疏风解毒胶囊,tcm-0002,6530
疏风解毒胶囊,tcm-0002,6531
疏风解毒胶囊,tcm-0002,6532
疏风解毒胶囊,tcm-0002,22914
疏风解毒胶囊,tcm-0002,414089
疏风解毒胶囊,tcm-0002,22933
疏风解毒胶囊,tcm-0002,27032
疏风解毒胶囊,tcm-0002,2475
疏风解毒胶囊,tcm-0002,4524
疏风解毒胶囊,tcm-0002,4543
疏风解毒胶囊,tcm-0002,346562
疏风解毒胶囊,tcm-0002,8644
疏风解毒胶囊,tcm-0002,8648
疏风解毒胶囊,tcm-0002,462
疏风解毒胶囊,tcm-0002,8654
疏风解毒胶囊,tcm-0002,319954
疏风解毒胶囊,tcm-0002,139741
疏风解毒胶囊,tcm-0002,338398
疏风解毒胶囊,tcm-0002,4582
疏风解毒胶囊,tcm-0002,27113
疏风解毒胶囊,tcm-0002,2538
疏风解毒胶囊,tcm-0002,2539
疏风解毒胶囊,tcm-0002,2547
疏风解毒胶囊,tcm-0002,6647
疏风解毒胶囊,tcm-0002,6648
疏风解毒胶囊,tcm-0002,170487
疏风解毒胶囊,tcm-0002,23038
疏风解毒胶囊,tcm-0002,4609
疏风解毒胶囊,tcm-0002,4613
疏风解毒胶囊,tcm-0002,8714
疏风解毒胶囊,tcm-0002,10768
疏风解毒胶囊,tcm-0002,6678
疏风解毒胶囊,tcm-0002,51738
疏风解毒胶囊,tcm-0002,4638
疏风解毒胶囊,tcm-0002,653857
疏风解毒胶囊,tcm-0002,546
疏风解毒胶囊,tcm-0002,2596
疏风解毒胶囊,tcm-0002,2597
疏风解毒胶囊,tcm-0002,84517
疏风解毒胶囊,tcm-0002,55848
疏风解毒胶囊,tcm-0002,6696
疏风解毒胶囊,tcm-0002,55860
疏风解毒胶囊,tcm-0002,27190
疏风解毒胶囊,tcm-0002,6714
疏风解毒胶囊,tcm-0002,572
疏风解毒胶囊,tcm-0002,27199
疏风解毒胶囊,tcm-0002,578
疏风解毒胶囊,tcm-0002,8772
疏风解毒胶囊,tcm-0002,581
疏风解毒胶囊,tcm-0002,53829
疏风解毒胶囊,tcm-0002,590
疏风解毒胶囊,tcm-0002,593
疏风解毒胶囊,tcm-0002,2641
疏风解毒胶囊,tcm-0002,595
疏风解毒胶囊,tcm-0002,596
疏风解毒胶囊,tcm-0002,597
疏风解毒胶囊,tcm-0002,598
疏风解毒胶囊,tcm-0002,599
疏风解毒胶囊,tcm-0002,2643
疏风解毒胶囊,tcm-0002,51802
疏风解毒胶囊,tcm-0002,8797
疏风解毒胶囊,tcm-0002,6750
疏风解毒胶囊,tcm-0002,2657
疏风解毒胶囊,tcm-0002,8804
疏风解毒胶囊,tcm-0002,51816
疏风解毒胶囊,tcm-0002,4719
疏风解毒胶囊,tcm-0002,6772
疏风解毒胶囊,tcm-0002,6774
疏风解毒胶囊,tcm-0002,632
疏风解毒胶囊,tcm-0002,10874
疏风解毒胶囊,tcm-0002,113278
疏风解毒胶囊,tcm-0002,6783
疏风解毒胶囊,tcm-0002,10880
疏风解毒胶囊,tcm-0002,10881
疏风解毒胶囊,tcm-0002,8837
疏风解毒胶囊,tcm-0002,645
疏风解毒胶囊,tcm-0002,4744
疏风解毒胶囊,tcm-0002,2697
疏风解毒胶囊,tcm-0002,650
疏风解毒胶囊,tcm-0002,10891
疏风解毒胶囊,tcm-0002,652
疏风解毒胶囊,tcm-0002,654
疏风解毒胶囊,tcm-0002,100049555
疏风解毒胶囊,tcm-0002,663
疏风解毒胶囊,tcm-0002,666
疏风解毒胶囊,tcm-0002,2720
疏风解毒胶囊,tcm-0002,6817
疏风解毒胶囊,tcm-0002,672
疏风解毒胶囊,tcm-0002,675
疏风解毒胶囊,tcm-0002,682
疏风解毒胶囊,tcm-0002,2730
疏风解毒胶囊,tcm-0002,4780
疏风解毒胶囊,tcm-0002,8877
疏风解毒胶囊,tcm-0002,8884
疏风解毒胶囊,tcm-0002,695
疏风解毒胶囊,tcm-0002,4792
疏风解毒胶囊,tcm-0002,2752
疏风解毒胶囊,tcm-0002,718
疏风解毒胶囊,tcm-0002,162514
疏风解毒胶囊,tcm-0002,2770
疏风解毒胶囊,tcm-0002,725
疏风解毒胶囊,tcm-0002,2773
疏风解毒胶囊,tcm-0002,728
疏风解毒胶囊,tcm-0002,4824
疏风解毒胶囊,tcm-0002,84706
疏风解毒胶囊,tcm-0002,4835
疏风解毒胶囊,tcm-0002,4843
疏风解毒胶囊,tcm-0002,4846
疏风解毒胶囊,tcm-0002,100043508
疏风解毒胶囊,tcm-0002,4852
疏风解毒胶囊,tcm-0002,2805
疏风解毒胶囊,tcm-0002,759
疏风解毒胶囊,tcm-0002,760
疏风解毒胶囊,tcm-0002,4860
疏风解毒胶囊,tcm-0002,2826
疏风解毒胶囊,tcm-0002,8972
疏风解毒胶囊,tcm-0002,102636309
疏风解毒胶囊,tcm-0002,796
疏风解毒胶囊,tcm-0002,4901
疏风解毒胶囊,tcm-0002,808
疏风解毒胶囊,tcm-0002,4914
疏风解毒胶囊,tcm-0002,4915
疏风解毒胶囊,tcm-0002,283455
疏风解毒胶囊,tcm-0002,834
疏风解毒胶囊,tcm-0002,836
疏风解毒胶囊,tcm-0002,840
疏风解毒胶囊,tcm-0002,841
疏风解毒胶囊,tcm-0002,842
疏风解毒胶囊,tcm-0002,100416331
疏风解毒胶囊,tcm-0002,2891
疏风解毒胶囊,tcm-0002,11082
疏风解毒胶囊,tcm-0002,847
疏风解毒胶囊,tcm-0002,4953
疏风解毒胶囊,tcm-0002,857
疏风解毒胶囊,tcm-0002,860
疏风解毒胶囊,tcm-0002,862
疏风解毒胶囊,tcm-0002,84830
疏风解毒胶囊,tcm-0002,7011
疏风解毒胶囊,tcm-0002,2919
疏风解毒胶囊,tcm-0002,2920
疏风解毒胶囊,tcm-0002,4973
疏风解毒胶囊,tcm-0002,2931
疏风解毒胶囊,tcm-0002,2932
疏风解毒胶囊,tcm-0002,890
疏风解毒胶囊,tcm-0002,891
疏风解毒胶囊,tcm-0002,894
疏风解毒胶囊,tcm-0002,7039
疏风解毒胶囊,tcm-0002,2944
疏风解毒胶囊,tcm-0002,7040
疏风解毒胶囊,tcm-0002,2946
疏风解毒胶囊,tcm-0002,7042
疏风解毒胶囊,tcm-0002,7044
疏风解毒胶囊,tcm-0002,898
疏风解毒胶囊,tcm-0002,2950
疏风解毒胶囊,tcm-0002,353164
疏风解毒胶囊,tcm-0002,7056
疏风解毒胶囊,tcm-0002,5018
疏风解毒胶囊,tcm-0002,7068
疏风解毒胶囊,tcm-0002,5020
疏风解毒胶囊,tcm-0002,7071
疏风解毒胶囊,tcm-0002,7076
疏风解毒胶囊,tcm-0002,5028
疏风解毒胶囊,tcm-0002,256933
疏风解毒胶囊,tcm-0002,5032
疏风解毒胶囊,tcm-0002,940
疏风解毒胶囊,tcm-0002,941
疏风解毒胶囊,tcm-0002,9134
疏风解毒胶囊,tcm-0002,108168111
疏风解毒胶囊,tcm-0002,102800311
疏风解毒胶囊,tcm-0002,54205
疏风解毒胶囊,tcm-0002,5054
疏风解毒胶囊,tcm-0002,959
疏风解毒胶囊,tcm-0002,11200
疏风解毒胶囊,tcm-0002,7108
疏风解毒胶囊,tcm-0002,969
疏风解毒胶囊,tcm-0002,973
疏风解毒胶囊,tcm-0002,9166
疏风解毒胶囊,tcm-0002,5069
疏风解毒胶囊,tcm-0002,7124
疏风解毒胶囊,tcm-0002,11221
疏风解毒胶囊,tcm-0002,160728
疏风解毒胶囊,tcm-0002,100113371
疏风解毒胶囊,tcm-0002,115677
疏风解毒胶囊,tcm-0002,3037
疏风解毒胶囊,tcm-0002,998
疏风解毒胶囊,tcm-0002,7145
疏风解毒胶囊,tcm-0002,5104
疏风解毒胶囊,tcm-0002,7153
疏风解毒胶囊,tcm-0002,11251
疏风解毒胶囊,tcm-0002,3060
疏风解毒胶囊,tcm-0002,7157
疏风解毒胶囊,tcm-0002,1017
疏风解毒胶囊,tcm-0002,1019
疏风解毒胶囊,tcm-0002,1021
疏风解毒胶囊,tcm-0002,1022
疏风解毒胶囊,tcm-0002,7167
疏风解毒胶囊,tcm-0002,1026
疏风解毒胶囊,tcm-0002,1027
疏风解毒胶囊,tcm-0002,1029
疏风解毒胶囊,tcm-0002,1033
疏风解毒胶囊,tcm-0002,132112
疏风解毒胶囊,tcm-0002,7186
疏风解毒胶囊,tcm-0002,3091
疏风解毒胶囊,tcm-0002,3105
疏风解毒胶囊,tcm-0002,3106
疏风解毒胶囊,tcm-0002,3107
疏风解毒胶囊,tcm-0002,5175
疏风解毒胶囊,tcm-0002,3134
疏风解毒胶囊,tcm-0002,3135
疏风解毒胶囊,tcm-0002,60482
疏风解毒胶囊,tcm-0002,3140
疏风解毒胶囊,tcm-0002,64581
疏风解毒胶囊,tcm-0002,3156
疏风解毒胶囊,tcm-0002,3162
疏风解毒胶囊,tcm-0002,1116
疏风解毒胶囊,tcm-0002,5213
疏风解毒胶囊,tcm-0002,9311
疏风解毒胶囊,tcm-0002,390243
疏风解毒胶囊,tcm-0002,5223
疏风解毒胶囊,tcm-0002,1128
疏风解毒胶囊,tcm-0002,3184
疏风解毒胶囊,tcm-0002,5236
疏风解毒胶囊,tcm-0002,58487
疏风解毒胶囊,tcm-0002,58488
疏风解毒胶囊,tcm-0002,5241
疏风解毒胶囊,tcm-0002,5243
疏风解毒胶囊,tcm-0002,7299
疏风解毒胶囊,tcm-0002,1164
疏风解毒胶囊,tcm-0002,58510
疏风解毒胶囊,tcm-0002,5265
疏风解毒胶囊,tcm-0002,9377
疏风解毒胶囊,tcm-0002,54454
疏风解毒胶囊,tcm-0002,29880
疏风解毒胶囊,tcm-0002,5313
疏风解毒胶囊,tcm-0002,1230
疏风解毒胶囊,tcm-0002,5328
疏风解毒胶囊,tcm-0002,1232
疏风解毒胶囊,tcm-0002,1233
疏风解毒胶囊,tcm-0002,1234
疏风解毒胶囊,tcm-0002,1236
疏风解毒胶囊,tcm-0002,9429
疏风解毒胶囊,tcm-0002,259285
疏风解毒胶囊,tcm-0002,259286
疏风解毒胶囊,tcm-0002,7384
疏风解毒胶囊,tcm-0002,7385
疏风解毒胶囊,tcm-0002,259287
疏风解毒胶囊,tcm-0002,3291
疏风解毒胶囊,tcm-0002,259289
疏风解毒胶囊,tcm-0002,259290
疏风解毒胶囊,tcm-0002,259293
疏风解毒胶囊,tcm-0002,283871
疏风解毒胶囊,tcm-0002,259294
疏风解毒胶囊,tcm-0002,259295
疏风解毒胶囊,tcm-0002,259296
疏风解毒胶囊,tcm-0002,283869
疏风解毒胶囊,tcm-0002,4319
疏风解毒胶囊,tcm-0002,3309
疏风解毒胶囊,tcm-0002,9455
疏风解毒胶囊,tcm-0002,3315
疏风解毒胶囊,tcm-0002,7412
疏风解毒胶囊,tcm-0002,5366
疏风解毒胶囊,tcm-0002,5368
疏风解毒胶囊,tcm-0002,1277
疏风解毒胶囊,tcm-0002,7422
疏风解毒胶囊,tcm-0002,1280
疏风解毒胶囊,tcm-0002,1281
疏风解毒胶囊,tcm-0002,9474
疏风解毒胶囊,tcm-0002,546055
疏风解毒胶囊,tcm-0002,6363
疏风解毒胶囊,tcm-0002,7442
疏风解毒胶囊,tcm-0002,339221
疏风解毒胶囊,tcm-0002,9516
疏风解毒胶囊,tcm-0002,5424
疏风解毒胶囊,tcm-0002,9521
疏风解毒胶囊,tcm-0002,50484
疏风解毒胶囊,tcm-0002,3383
疏风解毒胶囊,tcm-0002,9536
疏风解毒胶囊,tcm-0002,5443
疏风解毒胶囊,tcm-0002,5444
疏风解毒胶囊,tcm-0002,5447
疏风解毒胶囊,tcm-0002,1352
疏风解毒胶囊,tcm-0002,7498
疏风解毒胶囊,tcm-0002,50506
疏风解毒胶囊,tcm-0002,50508
疏风解毒胶囊,tcm-0002,50507
疏风解毒胶囊,tcm-0002,140625
疏风解毒胶囊,tcm-0002,5465
疏风解毒胶囊,tcm-0002,5467
疏风解毒胶囊,tcm-0002,5468
疏风解毒胶囊,tcm-0002,9563
疏风解毒胶囊,tcm-0002,546143
疏风解毒胶囊,tcm-0002,5473
疏风解毒胶囊,tcm-0002,1385
疏风解毒胶囊,tcm-0002,1392
疏风解毒胶囊,tcm-0002,9588
疏风解毒胶囊,tcm-0002,5494
疏风解毒胶囊,tcm-0002,1401
疏风解毒胶囊,tcm-0002,3458
疏风解毒胶囊,tcm-0002,1431
疏风解毒胶囊,tcm-0002,3480
疏风解毒胶囊,tcm-0002,5530
疏风解毒胶囊,tcm-0002,3486
疏风解毒胶囊,tcm-0002,3500
疏风解毒胶囊,tcm-0002,5557
疏风解毒胶囊,tcm-0002,3512
疏风解毒胶囊,tcm-0002,5562
疏风解毒胶囊,tcm-0002,5563
疏风解毒胶囊,tcm-0002,5578
疏风解毒胶囊,tcm-0002,5579
疏风解毒胶囊,tcm-0002,5580
疏风解毒胶囊,tcm-0002,54737
疏风解毒胶囊,tcm-0002,93650
疏风解毒胶囊,tcm-0002,5587
疏风解毒胶囊,tcm-0002,5594
疏风解毒胶囊,tcm-0002,5595
疏风解毒胶囊,tcm-0002,1499
疏风解毒胶囊,tcm-0002,5599
疏风解毒胶囊,tcm-0002,3551
疏风解毒胶囊,tcm-0002,3553
疏风解毒胶囊,tcm-0002,5601
疏风解毒胶囊,tcm-0002,493027
疏风解毒胶囊,tcm-0002,3552
疏风解毒胶囊,tcm-0002,1509
疏风解毒胶囊,tcm-0002,3558
疏风解毒胶囊,tcm-0002,3565
疏风解毒胶囊,tcm-0002,3569
疏风解毒胶囊,tcm-0002,3576
疏风解毒胶囊,tcm-0002,26108
疏风解毒胶囊,tcm-0002,3586
疏风解毒胶囊,tcm-0002,1543
疏风解毒胶囊,tcm-0002,3592
疏风解毒胶囊,tcm-0002,1545
疏风解毒胶囊,tcm-0002,3593
疏风解毒胶囊,tcm-0002,1544
疏风解毒胶囊,tcm-0002,5644
疏风解毒胶囊,tcm-0002,3596
疏风解毒胶囊,tcm-0002,151056
疏风解毒胶囊,tcm-0002,56849
疏风解毒胶囊,tcm-0002,3615
疏风解毒胶囊,tcm-0002,1571
疏风解毒胶囊,tcm-0002,7716
疏风解毒胶囊,tcm-0002,3620
疏风解毒胶囊,tcm-0002,1576
疏风解毒胶囊,tcm-0002,3627
疏风解毒胶囊,tcm-0002,3630
疏风解毒胶囊,tcm-0002,9774
疏风解毒胶囊,tcm-0002,345651
疏风解毒胶囊,tcm-0002,1588
疏风解毒胶囊,tcm-0002,3643
疏风解毒胶囊,tcm-0002,3659
疏风解毒胶囊,tcm-0002,5709
疏风解毒胶囊,tcm-0002,3667
疏风解毒胶囊,tcm-0002,5726
疏风解毒胶囊,tcm-0002,5728
疏风解毒胶囊,tcm-0002,1636
疏风解毒胶囊,tcm-0002,5733
疏风解毒胶囊,tcm-0002,3688
疏风解毒胶囊,tcm-0002,56938
疏风解毒胶囊,tcm-0002,1644
疏风解毒胶囊,tcm-0002,3692
疏风解毒胶囊,tcm-0002,5742
疏风解毒胶囊,tcm-0002,5743
疏风解毒胶囊,tcm-0002,1645
疏风解毒胶囊,tcm-0002,81544
疏风解毒胶囊,tcm-0002,83592
疏风解毒胶囊,tcm-0002,3725
疏风解毒胶囊,tcm-0002,50831
疏风解毒胶囊,tcm-0002,50833
疏风解毒胶囊,tcm-0002,50834
疏风解毒胶囊,tcm-0002,50835
疏风解毒胶囊,tcm-0002,50836
疏风解毒胶囊,tcm-0002,50837
疏风解毒胶囊,tcm-0002,50838
疏风解毒胶囊,tcm-0002,50839
疏风解毒胶囊,tcm-0002,50840
疏风解毒胶囊,tcm-0002,5793
疏风解毒胶囊,tcm-0002,81569
疏风解毒胶囊,tcm-0002,7852
疏风解毒胶囊,tcm-0002,3757
疏风解毒胶囊,tcm-0002,100329135
疏风解毒胶囊,tcm-0002,57016
疏风解毒胶囊,tcm-0002,54971
疏风解毒胶囊,tcm-0002,1728
疏风解毒胶囊,tcm-0002,1733
疏风解毒胶囊,tcm-0002,3783
疏风解毒胶囊,tcm-0002,9934
疏风解毒胶囊,tcm-0002,9935
疏风解毒胶囊,tcm-0002,3791
疏风解毒胶囊,tcm-0002,26330
疏风解毒胶囊,tcm-0002,100036315
疏风解毒胶囊,tcm-0002,1757
疏风解毒胶囊,tcm-0002,284382
疏风解毒胶囊,tcm-0002,107075310
疏风解毒胶囊,tcm-0002,79602
疏风解毒胶囊,tcm-0002,5879
疏风解毒胶囊,tcm-0002,5881
疏风解毒胶囊,tcm-0002,102633210
疏风解毒胶囊,tcm-0002,255738
疏风解毒胶囊,tcm-0002,79613
疏风解毒胶囊,tcm-0002,3838
疏风解毒胶囊,tcm-0002,5888
疏风解毒胶囊,tcm-0002,3845
疏风解毒胶囊,tcm-0002,115486470
疏风解毒胶囊,tcm-0002,5894
疏风解毒胶囊,tcm-0002,1803
疏风解毒胶囊,tcm-0002,1806
疏风解毒胶囊,tcm-0002,112401
疏风解毒胶囊,tcm-0002,110357
疏风解毒胶囊,tcm-0002,93973
疏风解毒胶囊,tcm-0002,10018
疏风解毒胶囊,tcm-0002,5925
疏风解毒胶囊,tcm-0002,1845
疏风解毒胶囊,tcm-0002,1850
疏风解毒胶囊,tcm-0002,100503359
疏风解毒胶囊,tcm-0002,622402
疏风解毒胶囊,tcm-0002,1869
疏风解毒胶囊,tcm-0002,10062
疏风解毒胶囊,tcm-0002,1870
疏风解毒胶囊,tcm-0002,5970
疏风解毒胶囊,tcm-0002,1874
疏风解毒胶囊,tcm-0002,5972
疏风解毒胶囊,tcm-0002,57180
疏风解毒胶囊,tcm-0002,1889
疏风解毒胶囊,tcm-0002,3938
疏风解毒胶囊,tcm-0002,79719
疏风解毒胶囊,tcm-0002,1901
疏风解毒胶囊,tcm-0002,1903
疏风解毒胶囊,tcm-0002,10096
疏风解毒胶囊,tcm-0002,10097
疏风解毒胶囊,tcm-0002,1906
疏风解毒胶囊,tcm-0002,10105
疏风解毒胶囊,tcm-0002,10120
疏风解毒胶囊,tcm-0002,10121
疏风解毒胶囊,tcm-0002,10125
疏风解毒胶囊,tcm-0002,51094
疏风解毒胶囊,tcm-0002,1950
疏风解毒胶囊,tcm-0002,1956
疏风解毒胶囊,tcm-0002,1965
疏风解毒胶囊,tcm-0002,102639543
疏风解毒胶囊,tcm-0002,51135
疏风解毒胶囊,tcm-0002,59340
疏风解毒胶囊,tcm-0002,59344
疏风解毒胶囊,tcm-0002,51156
疏风解毒胶囊,tcm-0002,2011
疏风解毒胶囊,tcm-0002,4059
疏风解毒胶囊,tcm-0002,2023
疏风解毒胶囊,tcm-0002,2026
疏风解毒胶囊,tcm-0002,2027
疏风解毒胶囊,tcm-0002,51191
疏风解毒胶囊,tcm-0002,4094
六神丸,tcm-0005,6530
六神丸,tcm-0005,2054
六神丸,tcm-0005,7048
六神丸,tcm-0005,51466
六神丸,tcm-0005,7054
六神丸,tcm-0005,132112
六神丸,tcm-0005,148
六神丸,tcm-0005,102636309
六神丸,tcm-0005,7318
六神丸,tcm-0005,11156
六神丸,tcm-0005,8473
六神丸,tcm-0005,155
六神丸,tcm-0005,3487
六神丸,tcm-0005,8608
六神丸,tcm-0005,4129
六神丸,tcm-0005,929
六神丸,tcm-0005,4133
六神丸,tcm-0005,10533
六神丸,tcm-0005,6139
六神丸,tcm-0005,55081
六神丸,tcm-0005,5547
六神丸,tcm-0005,9899
六神丸,tcm-0005,11127
六神丸,tcm-0005,5424
六神丸,tcm-0005,204851
六神丸,tcm-0005,948
六神丸,tcm-0005,27316
六神丸,tcm-0005,3383
六神丸,tcm-0005,9784
六神丸,tcm-0005,57153
六神丸,tcm-0005,5569
六神丸,tcm-0005,6653
六神丸,tcm-0005,1733
六神丸,tcm-0005,5701
六神丸,tcm-0005,5830
六神丸,tcm-0005,8648
六神丸,tcm-0005,8519
六神丸,tcm-0005,23370
六神丸,tcm-0005,100416331
六神丸,tcm-0005,25803
六神丸,tcm-0005,23118
六神丸,tcm-0005,2768
六神丸,tcm-0005,93650
六神丸,tcm-0005,5970
六神丸,tcm-0005,596
六神丸,tcm-0005,25816
六神丸,tcm-0005,23259
六神丸,tcm-0005,83548
六神丸,tcm-0005,546143
六神丸,tcm-0005,23521
六神丸,tcm-0005,4194
六神丸,tcm-0005,493027
六神丸,tcm-0005,8804
六神丸,tcm-0005,613
六神丸,tcm-0005,6500
六神丸,tcm-0005,4583
六神丸,tcm-0005,1128
六神丸,tcm-0005,100503785
六神丸,tcm-0005,667754
六神丸,tcm-0005,6252
六神丸,tcm-0005,3949
六神丸,tcm-0005,7150
六神丸,tcm-0005,5743
六神丸,tcm-0005,5997
六神丸,tcm-0005,3569
六神丸,tcm-0005,9454
六神丸,tcm-0005,23660
六神丸,tcm-0005,9716
六神丸,tcm-0005,2934
六神丸,tcm-0005,7799
六神丸,tcm-0005,2936
六神丸,tcm-0005,5241
六神丸,tcm-0005,891
六神丸,tcm-0005,110204
六神丸,tcm-0005,135293
六神丸,tcm-0005,23678
清咽滴丸,tcm-0000,5644
清咽滴丸,tcm-0000,125965
清咽滴丸,tcm-0000,132112
清咽滴丸,tcm-0000,56849
清咽滴丸,tcm-0000,51191
清咽滴丸,tcm-0000,4129
清咽滴丸,tcm-0000,1571
清咽滴丸,tcm-0000,7716
清咽滴丸,tcm-0000,4133
清咽滴丸,tcm-0000,554
清咽滴丸,tcm-0000,43
清咽滴丸,tcm-0000,2099
清咽滴丸,tcm-0000,2100
清咽滴丸,tcm-0000,79924
清咽滴丸,tcm-0000,5175
清咽滴丸,tcm-0000,387129
清咽滴丸,tcm-0000,4157
清咽滴丸,tcm-0000,4158
清咽滴丸,tcm-0000,2623
清咽滴丸,tcm-0000,2624
清咽滴丸,tcm-0000,4159
清咽滴丸,tcm-0000,4160
清咽滴丸,tcm-0000,4161
清咽滴丸,tcm-0000,581
清咽滴丸,tcm-0000,8263
清咽滴丸,tcm-0000,3145
清咽滴丸,tcm-0000,590
清咽滴丸,tcm-0000,596
清咽滴丸,tcm-0000,7253
清咽滴丸,tcm-0000,5729
清咽滴丸,tcm-0000,8804
清咽滴丸,tcm-0000,5732
清咽滴丸,tcm-0000,5734
清咽滴丸,tcm-0000,1128
清咽滴丸,tcm-0000,5739
清咽滴丸,tcm-0000,5742
清咽滴丸,tcm-0000,5743
清咽滴丸,tcm-0000,6256
清咽滴丸,tcm-0000,6257
清咽滴丸,tcm-0000,5745
清咽滴丸,tcm-0000,5746
清咽滴丸,tcm-0000,116
清咽滴丸,tcm-0000,117
清咽滴丸,tcm-0000,6774
清咽滴丸,tcm-0000,2169
清咽滴丸,tcm-0000,9340
清咽滴丸,tcm-0000,135293
清咽滴丸,tcm-0000,23678
清咽滴丸,tcm-0000,2173
清咽滴丸,tcm-0000,2691
清咽滴丸,tcm-0000,2692
清咽滴丸,tcm-0000,135
清咽滴丸,tcm-0000,136
清咽滴丸,tcm-0000,2696
清咽滴丸,tcm-0000,116362
清咽滴丸,tcm-0000,3725
清咽滴丸,tcm-0000,388753
清咽滴丸,tcm-0000,100049555
清咽滴丸,tcm-0000,148
清咽滴丸,tcm-0000,153
清咽滴丸,tcm-0000,154
清咽滴丸,tcm-0000,155
清咽滴丸,tcm-0000,4257
清咽滴丸,tcm-0000,9377
清咽滴丸,tcm-0000,4778
清咽滴丸,tcm-0000,3757
清咽滴丸,tcm-0000,2740
清咽滴丸,tcm-0000,122042
清咽滴丸,tcm-0000,6331
清咽滴丸,tcm-0000,1733
清咽滴丸,tcm-0000,6343
清咽滴丸,tcm-0000,6344
清咽滴丸,tcm-0000,4297
清咽滴丸,tcm-0000,3274
清咽滴丸,tcm-0000,79054
清咽滴丸,tcm-0000,3791
清咽滴丸,tcm-0000,134864
清咽滴丸,tcm-0000,110804
清咽滴丸,tcm-0000,102641880
清咽滴丸,tcm-0000,2778
清咽滴丸,tcm-0000,3291
清咽滴丸,tcm-0000,84701
清咽滴丸,tcm-0000,200931
清咽滴丸,tcm-0000,55526
清咽滴丸,tcm-0000,4843
清咽滴丸,tcm-0000,9965
清咽滴丸,tcm-0000,107075310
清咽滴丸,tcm-0000,240
清咽滴丸,tcm-0000,64240
清咽滴丸,tcm-0000,7412
清咽滴丸,tcm-0000,10998
清咽滴丸,tcm-0000,6401
清咽滴丸,tcm-0000,7432
清咽滴丸,tcm-0000,7433
清咽滴丸,tcm-0000,7434
清咽滴丸,tcm-0000,102636309
清咽滴丸,tcm-0000,10005
清咽滴丸,tcm-0000,1816
清咽滴丸,tcm-0000,796
清咽滴丸,tcm-0000,797
清咽滴丸,tcm-0000,799
清咽滴丸,tcm-0000,3360
清咽滴丸,tcm-0000,3362
清咽滴丸,tcm-0000,3363
清咽滴丸,tcm-0000,808
清咽滴丸,tcm-0000,83758
清咽滴丸,tcm-0000,1327
清咽滴丸,tcm-0000,5424
清咽滴丸,tcm-0000,1329
清咽滴丸,tcm-0000,3375
清咽滴丸,tcm-0000,3383
清咽滴丸,tcm-0000,1337
清咽滴丸,tcm-0000,1339
清咽滴丸,tcm-0000,1340
清咽滴丸,tcm-0000,283455
清咽滴丸,tcm-0000,100503359
清咽滴丸,tcm-0000,1345
清咽滴丸,tcm-0000,622402
清咽滴丸,tcm-0000,1346
清咽滴丸,tcm-0000,836
清咽滴丸,tcm-0000,5444
清咽滴丸,tcm-0000,1349
清咽滴丸,tcm-0000,1350
清咽滴丸,tcm-0000,1352
清咽滴丸,tcm-0000,1351
清咽滴丸,tcm-0000,11082
清咽滴丸,tcm-0000,100416331
清咽滴丸,tcm-0000,108167498
清咽滴丸,tcm-0000,646480
清咽滴丸,tcm-0000,5970
清咽滴丸,tcm-0000,646486
清咽滴丸,tcm-0000,546143
清咽滴丸,tcm-0000,1381
清咽滴丸,tcm-0000,367
清咽滴丸,tcm-0000,1394
清咽滴丸,tcm-0000,1395
清咽滴丸,tcm-0000,2932
清咽滴丸,tcm-0000,890
清咽滴丸,tcm-0000,891
清咽滴丸,tcm-0000,123264
清咽滴丸,tcm-0000,6530
清咽滴丸,tcm-0000,6531
清咽滴丸,tcm-0000,6532
清咽滴丸,tcm-0000,3973
清咽滴丸,tcm-0000,414089
清咽滴丸,tcm-0000,5018
清咽滴丸,tcm-0000,6554
清咽滴丸,tcm-0000,6555
清咽滴丸,tcm-0000,11168
清咽滴丸,tcm-0000,3500
清咽滴丸,tcm-0000,6579
清咽滴丸,tcm-0000,102800311
清咽滴丸,tcm-0000,4023
清咽滴丸,tcm-0000,2492
清咽滴丸,tcm-0000,113091
清咽滴丸,tcm-0000,8648
清咽滴丸,tcm-0000,5578
清咽滴丸,tcm-0000,5579
清咽滴丸,tcm-0000,9166
清咽滴丸,tcm-0000,59344
清咽滴丸,tcm-0000,93650
清咽滴丸,tcm-0000,7124
清咽滴丸,tcm-0000,59350
清咽滴丸,tcm-0000,115677
清咽滴丸,tcm-0000,3037
清咽滴丸,tcm-0000,493027
清咽滴丸,tcm-0000,3569
清咽滴丸,tcm-0000,7157
清咽滴丸,tcm-0000,6647
清咽滴丸,tcm-0000,1017
霍香正气水/胶囊,tcm-0003,1025
霍香正气水/胶囊,tcm-0003,3586
霍香正气水/胶囊,tcm-0003,1026
霍香正气水/胶囊,tcm-0003,340481
霍香正气水/胶囊,tcm-0003,1543
霍香正气水/胶囊,tcm-0003,1544
霍香正气水/胶囊,tcm-0003,5130
霍香正气水/胶囊,tcm-0003,5644
霍香正气水/胶囊,tcm-0003,132112
霍香正气水/胶囊,tcm-0003,16
霍香正气水/胶囊,tcm-0003,18
霍香正气水/胶囊,tcm-0003,151056
霍香正气水/胶囊,tcm-0003,51191
霍香正气水/胶囊,tcm-0003,56849
霍香正气水/胶囊,tcm-0003,2039
霍香正气水/胶囊,tcm-0003,4128
霍香正气水/胶囊,tcm-0003,4129
霍香正气水/胶囊,tcm-0003,3105
霍香正气水/胶囊,tcm-0003,3106
霍香正气水/胶囊,tcm-0003,3107
霍香正气水/胶囊,tcm-0003,4133
霍香正气水/胶囊,tcm-0003,1571
霍香正气水/胶囊,tcm-0003,7716
霍香正气水/胶囊,tcm-0003,1576
霍香正气水/胶囊,tcm-0003,55848
霍香正气水/胶囊,tcm-0003,6696
霍香正气水/胶囊,tcm-0003,43
霍香正气水/胶囊,tcm-0003,8745
霍香正气水/胶囊,tcm-0003,1586
霍香正气水/胶囊,tcm-0003,100036147
霍香正气水/胶囊,tcm-0003,5684
霍香正气水/胶囊,tcm-0003,2099
霍香正气水/胶囊,tcm-0003,2100
霍香正气水/胶囊,tcm-0003,5175
霍香正气水/胶囊,tcm-0003,5688
霍香正气水/胶囊,tcm-0003,384059
霍香正气水/胶囊,tcm-0003,3135
霍香正气水/胶囊,tcm-0003,115489344
霍香正气水/胶囊,tcm-0003,9791
霍香正气水/胶囊,tcm-0003,60482
霍香正气水/胶囊,tcm-0003,6720
霍香正气水/胶囊,tcm-0003,2628
霍香正气水/胶囊,tcm-0003,581
霍香正气水/胶囊,tcm-0003,2623
霍香正气水/胶囊,tcm-0003,2624
霍香正气水/胶囊,tcm-0003,8263
霍香正气水/胶囊,tcm-0003,5705
霍香正气水/胶囊,tcm-0003,5706
霍香正气水/胶囊,tcm-0003,3145
霍香正气水/胶囊,tcm-0003,5709
霍香正气水/胶囊,tcm-0003,590
霍香正气水/胶囊,tcm-0003,2641
霍香正气水/胶囊,tcm-0003,5713
霍香正气水/胶囊,tcm-0003,5715
霍香正气水/胶囊,tcm-0003,596
霍香正气水/胶囊,tcm-0003,3156
霍香正气水/胶囊,tcm-0003,5719
霍香正气水/胶囊,tcm-0003,5728
霍香正气水/胶囊,tcm-0003,8804
霍香正气水/胶囊,tcm-0003,5733
霍香正气水/胶囊,tcm-0003,1128
霍香正气水/胶囊,tcm-0003,56938
霍香正气水/胶囊,tcm-0003,5226
霍香正气水/胶囊,tcm-0003,1644
霍香正气水/胶囊,tcm-0003,5742
霍香正气水/胶囊,tcm-0003,5743
霍香正气水/胶囊,tcm-0003,6256
霍香正气水/胶囊,tcm-0003,143471
霍香正气水/胶囊,tcm-0003,6257
霍香正气水/胶囊,tcm-0003,6774
霍香正气水/胶囊,tcm-0003,5241
霍香正气水/胶囊,tcm-0003,135293
霍香正气水/胶囊,tcm-0003,2687
霍香正气水/胶囊,tcm-0003,7295
霍香正气水/胶囊,tcm-0003,6275
霍香正气水/胶囊,tcm-0003,3725
霍香正气水/胶囊,tcm-0003,2194
霍香正气水/胶囊,tcm-0003,100049555
霍香正气水/胶囊,tcm-0003,148
霍香正气水/胶囊,tcm-0003,150
霍香正气水/胶囊,tcm-0003,153
霍香正气水/胶囊,tcm-0003,154
霍香正气水/胶囊,tcm-0003,155
霍香正气水/胶囊,tcm-0003,2720
霍香正气水/胶囊,tcm-0003,4257
霍香正气水/胶囊,tcm-0003,55973
霍香正气水/胶囊,tcm-0003,79017
霍香正气水/胶囊,tcm-0003,4778
霍香正气水/胶囊,tcm-0003,3757
霍香正气水/胶囊,tcm-0003,100329135
霍香正气水/胶囊,tcm-0003,8884
霍香正气水/胶囊,tcm-0003,54454
霍香正气水/胶囊,tcm-0003,4792
霍香正气水/胶囊,tcm-0003,6331
霍香正气水/胶囊,tcm-0003,5313
霍香正气水/胶囊,tcm-0003,1733
霍香正气水/胶囊,tcm-0003,83658
霍香正气水/胶囊,tcm-0003,79054
霍香正气水/胶囊,tcm-0003,207
霍香正气水/胶囊,tcm-0003,3791
霍香正气水/胶囊,tcm-0003,110804
霍香正气水/胶囊,tcm-0003,23764
霍香正气水/胶囊,tcm-0003,4311
霍香正气水/胶囊,tcm-0003,4312
霍香正气水/胶囊,tcm-0003,102641880
霍香正气水/胶囊,tcm-0003,159963
霍香正气水/胶囊,tcm-0003,116443
霍香正气水/胶囊,tcm-0003,1757
霍香正气水/胶囊,tcm-0003,3291
霍香正气水/胶囊,tcm-0003,147166
霍香正气水/胶囊,tcm-0003,219
霍香正气水/胶囊,tcm-0003,223
霍香正气水/胶囊,tcm-0003,84706
霍香正气水/胶囊,tcm-0003,51232
霍香正气水/胶囊,tcm-0003,224
霍香正气水/胶囊,tcm-0003,55526
霍香正气水/胶囊,tcm-0003,231
霍香正气水/胶囊,tcm-0003,6376
霍香正气水/胶囊,tcm-0003,4842
霍香正气水/胶囊,tcm-0003,4843
霍香正气水/胶囊,tcm-0003,4846
霍香正气水/胶囊,tcm-0003,240
霍香正气水/胶囊,tcm-0003,100043508
霍香正气水/胶囊,tcm-0003,2805
霍香正气水/胶囊,tcm-0003,7412
霍香正气水/胶囊,tcm-0003,102633210
霍香正气水/胶囊,tcm-0003,4860
霍香正气水/胶囊,tcm-0003,1277
霍香正气水/胶囊,tcm-0003,7422
霍香正气水/胶囊,tcm-0003,6401
霍香正气水/胶囊,tcm-0003,1284
霍香正气水/胶囊,tcm-0003,115486470
霍香正气水/胶囊,tcm-0003,262
霍香正气水/胶囊,tcm-0003,2822
霍香正气水/胶囊,tcm-0003,29967
霍香正气水/胶囊,tcm-0003,22801
霍香正气水/胶囊,tcm-0003,5906
霍香正气水/胶囊,tcm-0003,9491
霍香正气水/胶囊,tcm-0003,110357
霍香正气水/胶囊,tcm-0003,102636309
霍香正气水/胶囊,tcm-0003,5924
霍香正气水/胶囊,tcm-0003,808
霍香正气水/胶囊,tcm-0003,6444
霍香正气水/胶囊,tcm-0003,5424
霍香正气水/胶囊,tcm-0003,9520
霍香正气水/胶囊,tcm-0003,2353
霍香正气水/胶囊,tcm-0003,3383
霍香正气水/胶囊,tcm-0003,2875
霍香正气水/胶囊,tcm-0003,102238523
霍香正气水/胶囊,tcm-0003,5948
霍香正气水/胶囊,tcm-0003,283455
霍香正气水/胶囊,tcm-0003,100503359
霍香正气水/胶囊,tcm-0003,622402
霍香正气水/胶囊,tcm-0003,836
霍香正气水/胶囊,tcm-0003,5444
霍香正气水/胶囊,tcm-0003,1352
霍香正气水/胶囊,tcm-0003,841
霍香正气水/胶囊,tcm-0003,7498
霍香正气水/胶囊,tcm-0003,100416331
霍香正气水/胶囊,tcm-0003,108167498
霍香正气水/胶囊,tcm-0003,842
霍香正气水/胶囊,tcm-0003,11082
霍香正气水/胶囊,tcm-0003,847
霍香正气水/胶囊,tcm-0003,5970
霍香正气水/胶囊,tcm-0003,122706
霍香正气水/胶囊,tcm-0003,2902
霍香正气水/胶囊,tcm-0003,5465
霍香正气水/胶囊,tcm-0003,56666
霍香正气水/胶囊,tcm-0003,100504412
霍香正气水/胶囊,tcm-0003,546143
霍香正气水/胶囊,tcm-0003,9056
霍香正气水/胶囊,tcm-0003,10599
霍香正气水/胶囊,tcm-0003,367
霍香正气水/胶囊,tcm-0003,2932
霍香正气水/胶囊,tcm-0003,890
霍香正气水/胶囊,tcm-0003,891
霍香正气水/胶囊,tcm-0003,6528
霍香正气水/胶囊,tcm-0003,6530
霍香正气水/胶囊,tcm-0003,6531
霍香正气水/胶囊,tcm-0003,23428
霍香正气水/胶囊,tcm-0003,387
霍香正气水/胶囊,tcm-0003,389
霍香正气水/胶囊,tcm-0003,6532
霍香正气水/胶囊,tcm-0003,388
霍香正气水/胶囊,tcm-0003,414089
霍香正气水/胶囊,tcm-0003,51596
霍香正气水/胶囊,tcm-0003,27032
霍香正气水/胶囊,tcm-0003,3481
霍香正气水/胶囊,tcm-0003,5018
霍香正气水/胶囊,tcm-0003,929
霍香正气水/胶囊,tcm-0003,102638504
霍香正气水/胶囊,tcm-0003,3500
霍香正气水/胶囊,tcm-0003,196527
霍香正气水/胶囊,tcm-0003,91057
霍香正气水/胶囊,tcm-0003,6580
霍香正气水/胶囊,tcm-0003,6582
霍香正气水/胶囊,tcm-0003,4023
霍香正气水/胶囊,tcm-0003,102800311
霍香正气水/胶囊,tcm-0003,5054
霍香正气水/胶囊,tcm-0003,8648
霍香正气水/胶囊,tcm-0003,5578
霍香正气水/胶囊,tcm-0003,5579
霍香正气水/胶囊,tcm-0003,10186
霍香正气水/胶囊,tcm-0003,9166
霍香正气水/胶囊,tcm-0003,59344
霍香正气水/胶囊,tcm-0003,93650
霍香正气水/胶囊,tcm-0003,1491
霍香正气水/胶囊,tcm-0003,7124
霍香正气水/胶囊,tcm-0003,160728
霍香正气水/胶囊,tcm-0003,100113371
霍香正气水/胶囊,tcm-0003,130013
霍香正气水/胶囊,tcm-0003,3037
霍香正气水/胶囊,tcm-0003,115677
霍香正气水/胶囊,tcm-0003,994
霍香正气水/胶囊,tcm-0003,493027
霍香正气水/胶囊,tcm-0003,51684
霍香正气水/胶囊,tcm-0003,1509
霍香正气水/胶囊,tcm-0003,2028
霍香正气水/胶囊,tcm-0003,56301
霍香正气水/胶囊,tcm-0003,3569
霍香正气水/胶囊,tcm-0003,7157
霍香正气水/胶囊,tcm-0003,501
霍香正气水/胶囊,tcm-0003,6647
霍香正气水/胶囊,tcm-0003,3576
霍香正气水/胶囊,tcm-0003,1017
